HotelName,Hotel_location,Hotel_URL,Hotel_rating,Review_date,Review,Title,Date_of_stay,Rating,Raw_Rating,User_Stats,language
Hotel Sultania,"Ebusuud Cad. Mehmet Murat Sokak No: 4, Istanbul 34110 TÃ¼rkiye",https://www.tripadvisor.com/Hotel_Review-g293974-d1732739-Reviews-Hotel_Sultania-Istanbul.html,4.9,2024-06-04,Ben Ã§ok Ã§ok hemde Ã§ok memnun.hotel harika birÅŸey.personal herzaman gÃ¼lÃ¼yor.ulaÅŸim Ã§ok yanÄ±nda.gezmek iÃ§in herÅŸey yakÄ±m.en sevdin yeri yoreme beÅŸ on dk.hotel odamÄ±zÄ± Ã§ok temiz .carÅŸaf ve havlu hergun yeni.kahvalti herÅŸey var ne canÄ±ma Ã§ekiyor herÅŸey bulabilirsiniz.ben Ã§ok sevdim bu hotel.bi daha gelirim,Ã‡ok sevdim,2024-05,5,5,,tr
Hotel Sultania,"Ebusuud Cad. Mehmet Murat Sokak No: 4, Istanbul 34110 TÃ¼rkiye",https://www.tripadvisor.com/Hotel_Review-g293974-d1732739-Reviews-Hotel_Sultania-Istanbul.html,4.9,2023-06-09,GÃ¼zel Bir otel konumu Ã¶zellikle hoÅŸumuza gitti. ek olarak odalarÄ± temiz ve personel gÃ¼leryÃ¼zlÃ¼ herpsine teÅŸekkÃ¼re ederiz. Bi daha Ä°stanbula geldiÄŸimizde tercihe edebileceÄŸim gÃ¼zel bir mekan. Herkese tesekkurler,Otel GÃ¼zel,2023-05,5,5,"Tekirdag, TÃ¼rkiye",tr
Hotel Sultania,"Ebusuud Cad. Mehmet Murat Sokak No: 4, Istanbul 34110 TÃ¼rkiye",https://www.tripadvisor.com/Hotel_Review-g293974-d1732739-Reviews-Hotel_Sultania-Istanbul.html,4.9,2023-05-30,ArkadaÅŸlarÄ±mla birlikte kahvaltÄ± iÃ§in geldik. Tramvay istasyonundan gelmemiz 1 dakika kadar sÃ¼rdÃ¼. Ã‡evredeki turistik yerlere Ã§ok yakÄ±n. KahvaltÄ± sÄ±rasÄ±nda personel Ã§ok yardÄ±mcÄ± ve gÃ¼ler yÃ¼zlÃ¼ydÃ¼. Ã‡eÅŸitleri bol ve yemekler Ã§ok lezzetliydi.AynÄ± zamanda turistik yerlere yakÄ±n olmasÄ±na raÄŸmen sessiz ve sakin bir ortam vardÄ±. ,Sultania Hotel KahvaltÄ±,2023-05,5,5,,tr
Hotel Sultania,"Ebusuud Cad. Mehmet Murat Sokak No: 4, Istanbul 34110 TÃ¼rkiye",https://www.tripadvisor.com/Hotel_Review-g293974-d1732739-Reviews-Hotel_Sultania-Istanbul.html,4.9,2023-05-30,Lezzetli bir kahvaltÄ± menÃ¼de bol bol seÃ§enek var. sultanahmet'te merkezi konumda gÃ¼leryÃ¼zlÃ¼ personel tramvaya 1 dakika uzaklÄ±kta marmaraya 3 dakika uzaklÄ±kta. AÃ§Ä±k bÃ¼fe ferah ortam nezih. Yemekler lezzetli. Denenmeli.,KahvaltÄ±,2023-05,5,5,,tr
Hotel Sultania,"Ebusuud Cad. Mehmet Murat Sokak No: 4, Istanbul 34110 TÃ¼rkiye",https://www.tripadvisor.com/Hotel_Review-g293974-d1732739-Reviews-Hotel_Sultania-Istanbul.html,4.9,2023-05-30,KahvaltÄ± Ã§eÅŸitli ve taze yiyeceklerle doluydu. Ã–zellikle peynir Ã§eÅŸitleri konusunda beni Ã§ok tatmin etti. AyrÄ±ca konum olarak merkezi ve birÃ§ok mÃ¼zeye yakÄ±n gÃ¼zel bir kahvaltÄ±dan sonra gezmek iÃ§in mÃ¼kemmel bir konum. Personeller gÃ¼ler yÃ¼zlÃ¼ydÃ¼.,GÃ¼zel bir deneyim,2023-05,5,5,,tr
Hotel Sultania,"Ebusuud Cad. Mehmet Murat Sokak No: 4, Istanbul 34110 TÃ¼rkiye",https://www.tripadvisor.com/Hotel_Review-g293974-d1732739-Reviews-Hotel_Sultania-Istanbul.html,4.9,2023-05-30,"OldukÃ§a hijyenik, Ã§ok Ã§eÅŸitli, konforlu, konumu Ä°stanbul'un en gÃ¼zel ve turistik yerlerinde olan bir otel. Ã‡alÄ±ÅŸanlar Ã§ok dÃ¼ÅŸÃ¼nceli ve ilgili. KahvaltÄ± Ã§ok Ã§eÅŸitli ve tazeydi. Tramvaya da oldukÃ§a yakÄ±n. Kesinlikle Ã§ok memnun kaldÄ±m.",memnuniyet,2023-05,5,5,"Istanbul, TÃ¼rkiye",tr
Hotel Sultania,"Ebusuud Cad. Mehmet Murat Sokak No: 4, Istanbul 34110 TÃ¼rkiye",https://www.tripadvisor.com/Hotel_Review-g293974-d1732739-Reviews-Hotel_Sultania-Istanbul.html,4.9,2023-03-10,Ä°stanbula birkaÃ§ kere gittik daha Ã¶nce ama bu otel gerÃ§ekten harika. KahvaltÄ± da gÃ¼zel her ÅŸey var. Bu otelden her yere yakÄ±n ve otelden GÃ¼lhane tramvay istasyonuna sadece 3 dk. Oteli mutlaka tavsiye ederiz. TeÅŸekkÃ¼rler,Ä°stanbulumuz,2023-03,5,5,,tr
Hotel Sultania,"Ebusuud Cad. Mehmet Murat Sokak No: 4, Istanbul 34110 TÃ¼rkiye",https://www.tripadvisor.com/Hotel_Review-g293974-d1732739-Reviews-Hotel_Sultania-Istanbul.html,4.9,2023-02-12,KahvaltÄ± Ã§ok iyi personel Ã§ok iyi agirlama Ã§ok iyi temizlik Ã§ok begendik.ulasimi kolay..Odalar temiz ve tarihi otantik Ä°nternet Ã§ekimi gayet iyi sauna yÃ¼zme havuzu Ã§ok iyi ve temiz ..personelleri guleryuzlu..,Istanbulda ki otelimiz,2023-02,5,5,,tr
Hotel Sultania,"Ebusuud Cad. Mehmet Murat Sokak No: 4, Istanbul 34110 TÃ¼rkiye",https://www.tripadvisor.com/Hotel_Review-g293974-d1732739-Reviews-Hotel_Sultania-Istanbul.html,4.9,2022-11-02,"Ä°stanbul'da sayenizde harika bir tatil geÃ§irdim. KahvaltÄ±da sunulan her ÅŸey Ã§ok taze ve lezzetliydi, konum olarak Ã§ok rahat bir yerde bulunmakta, tramvay Ã§ok yakÄ±n ğŸ˜Š Tarihi yerlere yÃ¼rÃ¼me mesafesinde.",Harika bir tatil,2022-11,5,5,,tr
Hotel Sultania,"Ebusuud Cad. Mehmet Murat Sokak No: 4, Istanbul 34110 TÃ¼rkiye",https://www.tripadvisor.com/Hotel_Review-g293974-d1732739-Reviews-Hotel_Sultania-Istanbul.html,4.9,2022-10-19,"KaldÄ±ÄŸÄ±m sÃ¼re boyunca Ã§ok yardÄ±mcÄ± olundu, Ã§ok sÄ±cakkanlÄ±ydÄ±lar. Konum olarak her yere yakÄ±ndÄ±. Temizlik ve servisten memnun kaldÄ±m. KahvaltÄ± bol Ã§eÅŸitli ve gÃ¼zeldi, kaldÄ±ÄŸÄ±m odayÄ± ÅŸÄ±k ve geleneksel buldum, bir turist olarak aradÄ±ÄŸÄ±m herseyi buldum.","Geleneksel, ÅŸÄ±k bir otel",2022-10,5,5,,tr
Hotel Sultania,"Ebusuud Cad. Mehmet Murat Sokak No: 4, Istanbul 34110 TÃ¼rkiye",https://www.tripadvisor.com/Hotel_Review-g293974-d1732739-Reviews-Hotel_Sultania-Istanbul.html,4.9,2022-05-27,"Konum ve ulaÅŸÄ±m bakÄ±mÄ±ndan mÃ¼kemmel,temizlik,hijyene Ã¶nem veriliyor.GÃ¼leryÃ¼zlÃ¼ yardÄ±msever personel,yemekler Ã§ok iyi
KahvaltÄ± Ã§eÅŸitliliÄŸi bakÄ±mÄ±ndan baÅŸarÄ±lÄ±- gluten free vejeteryen seÃ§imleri bile var
Spa ve OlÅŸve restoranda Ã§ok baÅŸarÄ±lÄ±",Ä°stanbul gezimÅŸz,2022-05,5,5,,tr
Hotel Sultania,"Ebusuud Cad. Mehmet Murat Sokak No: 4, Istanbul 34110 TÃ¼rkiye",https://www.tripadvisor.com/Hotel_Review-g293974-d1732739-Reviews-Hotel_Sultania-Istanbul.html,4.9,2022-03-21,"Sultnia otele iÅŸ iÃ§in geldik ve ilk defa konklamamÄ±za raÄŸmen Ã§ok mutluyuz. Sirkeciâ€™de konumluyor ve Ã§ok temiz kahvaltÄ±sÄ± Ã§ok lezzetli
Oluverdi restoranda manzara olarak Ä°stanbulâ€™da tek diye biliriz 
Odalar OsmanlÄ± tarzÄ±nda 
Yemekler Ã§ok lezzetli 
Personele Ã§ok teÅŸekkÃ¼r ederiz",Ä°ÅŸ gezisi,2022-03,5,5,,tr
Hotel Sultania,"Ebusuud Cad. Mehmet Murat Sokak No: 4, Istanbul 34110 TÃ¼rkiye",https://www.tripadvisor.com/Hotel_Review-g293974-d1732739-Reviews-Hotel_Sultania-Istanbul.html,4.9,2022-03-09,"Sultania otelde iÅŸ iÃ§in geldik hep memnun kaldÄ±k 
Otel cok temiz oersonel cok guleryuzlu 
Her yere yurume mesafesi
Aile ve dostlara tavsiye ederiz
Temizlikte bir numara
KahvaltÄ± cok Ã§eÅŸitli
Musa usta ve wkibine teÅŸekkÃ¼rler
BÃ¼tÃ¼n gezilecek yerlwre yÃ¼rÄŸme mesafesinde",Ä°stanbul da bir numara otel,2022-03,5,5,,tr
Hotel Sultania,"Ebusuud Cad. Mehmet Murat Sokak No: 4, Istanbul 34110 TÃ¼rkiye",https://www.tripadvisor.com/Hotel_Review-g293974-d1732739-Reviews-Hotel_Sultania-Istanbul.html,4.9,2022-03-09,"Ä°ÅŸ gezisi iÃ§in Ä°stanbula her geldiÄŸimizde Sultania otelde konaklarÄ±. BurasÄ± artÄ±k bizim evimiz gibi. Her konuda yardÄ±mcÄ± olmaya Ã§alÄ±ÅŸÄ±yorlar. Ã–zellikle kahvaltÄ± konusu da Ã§ok baÅŸarÄ±lÄ±lar, Musa usta ve ekibine teÅŸekkÃ¼r ederiz. Odalar her zaman temiz ve geniÅŸ. Erhan, Rabia ve Cemile hanÄ±m FB ekibi olarak ve GÃ¼lÅŸen Ã–n BÃ¼ro dan Ã¶zel teÅŸekkÃ¼r iletiyoruz
TÃ¼m ekibe teÅŸekkÃ¼r ederiz.",Ä°ÅŸ gezisi,2022-03,5,5,,tr
Hotel Sultania,"Ebusuud Cad. Mehmet Murat Sokak No: 4, Istanbul 34110 TÃ¼rkiye",https://www.tripadvisor.com/Hotel_Review-g293974-d1732739-Reviews-Hotel_Sultania-Istanbul.html,4.9,2022-02-27,"Sultania otelde Oilk defa konakladik Ve Cok memnun kaldi. Her yere Cok yakin Personal Cok Dana yakin Rabia hanim Ve ekibine Musa ustaya tesekkur ederiz Gulsen hin Igel teswkkur
Temizlik te Bir numara
Odalar Cok sik",Sultania otel,2022-02,5,5,,tr
Hotel Sultania,"Ebusuud Cad. Mehmet Murat Sokak No: 4, Istanbul 34110 TÃ¼rkiye",https://www.tripadvisor.com/Hotel_Review-g293974-d1732739-Reviews-Hotel_Sultania-Istanbul.html,4.9,2022-02-25,Sultania otelinden Ã§ok memnun kaldÄ±k. OdalarÄ± tertemiz ve hijyenik. Resepsiyon ve restoran da Ã§alÄ±ÅŸanlar bizimle Ã§ok gÃ¼zel ilgilendiler. Ã–zellikle Semih bey ve GÃ¼lÅŸen hanÄ±ma teÅŸekkÃ¼r ederiz. AkÅŸamlarÄ± odada canÄ± sÄ±kÄ±lan varsa lobby de otursun derim :))),Sultania Ã§ok gÃ¼zel,2022-02,5,5,,tr
Hotel Sultania,"Ebusuud Cad. Mehmet Murat Sokak No: 4, Istanbul 34110 TÃ¼rkiye",https://www.tripadvisor.com/Hotel_Review-g293974-d1732739-Reviews-Hotel_Sultania-Istanbul.html,4.9,2022-02-23,"Sultania otele esimle Fransadan geldik. Daha once gelen arkadasimizin tavsiyesi ile geldik. Otel sirlecide konumluyor. Kahvaltisi cok lezzetli Musa ustanin ellerine sglik cok lezztli kahvalti cesidi hazirliyor. Restoranda Rabia hanÃ®m ve ekibi Cemile hanima , Esma hanim a mutfkta guzel salatalar hazirliyor. On Buro ekibine tesekkur ederiz. Ozellikle misafir iliskiler sorumlusu Gulsene tesekkur ederiz. Arkadasimiz icin martta yer ayirttik bile
Iyiki sizi tanidik",Istanbul gezimiz,2022-02,5,5,,tr
Hotel Sultania,"Ebusuud Cad. Mehmet Murat Sokak No: 4, Istanbul 34110 TÃ¼rkiye",https://www.tripadvisor.com/Hotel_Review-g293974-d1732739-Reviews-Hotel_Sultania-Istanbul.html,4.9,2022-02-22,Istanbula her sene geliyoruz ve her geldigimizde konaklama dreimotorig degismez SÃ¤sÃ¤cke Sultanin otelde konaklriz rabia hm Erhan bey ve cemile Hanima tesekkÃ¼r ederiz restornda Servus icin Garni bey Semih bey ve Ahmet bey Gulsen hm on buroda Yardimci oldular muss usta Cok lzzetli Kahvalti Hazirlar her lese tavsiye ederim,Istanbulda tatilimiz,2022-02,5,5,,tr
Hotel Sultania,"Ebusuud Cad. Mehmet Murat Sokak No: 4, Istanbul 34110 TÃ¼rkiye",https://www.tripadvisor.com/Hotel_Review-g293974-d1732739-Reviews-Hotel_Sultania-Istanbul.html,4.9,2022-02-19,"Sultania otele aile olarak hollandadan geldik, inanilmaz mutlu olduk, personel cok cana yakin her detaya dikkat edilmis. Odalar ozel osmanli stilinde yapilmis. Oglen saatlerinde cay kahve saatinde ucretsiz olarak cay kahve sunuyorlar. Rabia hanim, Cemile hanim, Emre bey restoranda, Hasan bey, Ahmet bey Gulsen hanim on buroda hep yardimci oldular. Kezban hn odamizda temizligi cok titizle yapti. Herkese cok tesekkurler",Sultania otel,2022-02,5,5,,tr
Hotel Sultania,"Ebusuud Cad. Mehmet Murat Sokak No: 4, Istanbul 34110 TÃ¼rkiye",https://www.tripadvisor.com/Hotel_Review-g293974-d1732739-Reviews-Hotel_Sultania-Istanbul.html,4.9,2022-02-08,"Ceyhun ve Fadile balayÄ±nda Sultania otelde en iyi ÅŸekilde aÄŸÄ±rladÄ±k. Balyindan sonra bu oteli tercih edeceÄŸiz. Ä°stanbul'daki tek otel, GÃ¼lÅŸen hanÄ±m ve Mesut beye Ã§ok teÅŸekkÃ¼r ederiz, bizi en iyi ÅŸekilde misafir ettiler. Konumu tam tarihi yarÄ±madada, her yere yÃ¼rÃ¼me mesafesindeğŸ§¿â­",BalayÄ± tatilimiz,2022-02,5,5,,tr
Hotel Sultania,"Ebusuud Cad. Mehmet Murat Sokak No: 4, Istanbul 34110 TÃ¼rkiye",https://www.tripadvisor.com/Hotel_Review-g293974-d1732739-Reviews-Hotel_Sultania-Istanbul.html,4.9,2022-02-01,Hotel cok guzeldi. Personel guzel karsiladi ve hep yardim etdiler. Odalarin temizligi cox iyiydi bunun icinde Gonul Yuksele tesekkur ederiz.Hep guleruz samimi bir insandir. Her seye gore cox sagolun! Yine gorusmek umidi ile!!!!!!!!!,Istanbul seyaheti hic bu kadar iyi olmamisdi!,2022-01,5,5,,tr
Hotel Sultania,"Ebusuud Cad. Mehmet Murat Sokak No: 4, Istanbul 34110 TÃ¼rkiye",https://www.tripadvisor.com/Hotel_Review-g293974-d1732739-Reviews-Hotel_Sultania-Istanbul.html,4.9,2022-01-26,"Sultania otel Sirkecide merkezde konumluyor. Aya Sofia ya TopkapÄ± ya yurume mesafesÄ±nde , metro tramvay duraklarÄ± cok yakÄ±n. 1401 nolu oda olan AskÄ± Sultania da konakladÄ±m. oda muhtesem otesÄ±, suÄ±t oda ve kendÄ±mÄ± evÄ±mde gobo hÄ±s ettÄ±m. RabÄ±a hanÄ±ma ve CemÄ±le hn a kahvaltÄ± da bÄ±ze servÄ±slerÄ± Ä±cÄ±m tesekkurler Musa usta cok cesÄ±tlÄ± kahvaltÄ± cesÄ±tlÄ±lÄ±gÄ± sundugu Ä±cÄ±n ayrÄ±ca tesekkur ona. On buro da calÄ±san arladadlar her zaman alaladar ve profosyonellerdÄ± 
IyÄ±kÄ± sÄ±zÄ± tanÄ±dÄ±m her zaman gelecegÄ±z",kar tatili,2022-01,5,5,"Izmir, TÃ¼rkiye",tr
Hotel Sultania,"Ebusuud Cad. Mehmet Murat Sokak No: 4, Istanbul 34110 TÃ¼rkiye",https://www.tripadvisor.com/Hotel_Review-g293974-d1732739-Reviews-Hotel_Sultania-Istanbul.html,4.9,2021-12-01,"ArkadaÅŸÄ±mla Ä°stanbulâ€™da Sultania otelde konakladÄ±k ve gerÃ§ekten yorumlardaki kadar rahat, temiz ve hep gÃ¼leryÃ¼zle personeli ile bizi evimizdeki gibi his ettirdiler. Otel bÃ¼tÃ¼n gezilecek yerler Ã§ok yakÄ±n ve personel Ã§ok gÃ¼leryÃ¼zle ve Ã§Ã¶l profesyonel
Her kese gÃ¶nÃ¼l rahatlÄ±ÄŸÄ±yla tavsiye ederiz",Ä°stanbul gezimiz,2021-12,5,5,,tr
Hotel Sultania,"Ebusuud Cad. Mehmet Murat Sokak No: 4, Istanbul 34110 TÃ¼rkiye",https://www.tripadvisor.com/Hotel_Review-g293974-d1732739-Reviews-Hotel_Sultania-Istanbul.html,4.9,2021-10-06,"Ä°stanbula iÅŸ iÃ§in geldik ve Sultania otelde konaklamamÄ±zÄ± gerÃ§ekleÅŸtirdik. Ã–ncelikle Ã–N bÃ¼roda Ã§alÄ±ÅŸan arkadaÅŸlara Ã§ok teÅŸekkÃ¼r ederiz. Beklentimizn Ã¼stÃ¼ne geÃ§tiler, GÃ¼lÅŸen hanÄ±ma, Rabia hanÄ±ma cok teÅŸekkÃ¼rler. Odalar Ã§ok temizdi GÃ¶nÃ¼l hn ve Kezban hanÄ±ma teÅŸekkÃ¼r ederiz. KahvaltÄ± da Ã§ok Ã§eÅŸitliydi Musa usta ÅŸeffimÅŸin ellerine saglik.
Her zaman severek kalacagÄ±mÄ±z evimiz gibi oldu Sultania otel",Åehri Ä°stanbul,2021-10,5,5,,tr
Hotel Sultania,"Ebusuud Cad. Mehmet Murat Sokak No: 4, Istanbul 34110 TÃ¼rkiye",https://www.tripadvisor.com/Hotel_Review-g293974-d1732739-Reviews-Hotel_Sultania-Istanbul.html,4.9,2021-09-08,"Das Hotel ist fantastisch. Das Personal ist sehr freundlich und tut einfach das Beste um die Kunden zufrieden zustellen.
Es werden sich strikt an Covid MaÃŸnahmen gehalten.
Man kann in den Hamam, sich massieren lassen, im Pool schwimmen,( aber vorher Termin machen).
Die SehenswÃ¼rdigkeiten sind hier in der NÃ¤he: (Sultan Ahmet Moschee, Hagia Sofia (Aya Sofyq unsw....)

Ich bin sehr zufrieden ğŸ‘ğŸ˜ğŸ˜„

Hotel Ã§ok gÃ¼zel, Personeller ellerinden gelenleri yapÄ±yorlar, misafirleri aÄŸÄ±rlamak iÃ§in.
Covid KuralarÄ±na uyuluyor.
Hamama girilebilir,masaj yapÄ±labilir, havuza girile bilir
(Ã¶nceden Termin anlÄ±nmasÄ± lazÄ±m).
Touristik alanlar gezilebilir (Sultan Ahmet Cami, Aya Sofya vs...)

HerÅŸey mÃ¼kemmel, TeÅŸekÃ¼r ederiz.ğŸ‘ğŸ˜ğŸ˜„",Aufenthalt im Sultania Hotel,2021-09,5,5,,tr
Hotel Sultania,"Ebusuud Cad. Mehmet Murat Sokak No: 4, Istanbul 34110 TÃ¼rkiye",https://www.tripadvisor.com/Hotel_Review-g293974-d1732739-Reviews-Hotel_Sultania-Istanbul.html,4.9,2021-08-02,"Lezzetli yemekler ve harika servis ile gÃ¼zel bir otel.  MÃ¼kemmel bir konumda olmanÄ±n yanÄ± sÄ±ra.
 Odalar temiz ve calisanlar col guleryuzlu 
Restoranda lhvalti cesitliligi cok taze ve her zebke uyuyordu.     Aile olarak cok memnun kaldik her yere yurume mesafesinde",Istanbul trip,2021-08,5,5,"Istanbul, TÃ¼rkiye",tr
Hotel Sultania,"Ebusuud Cad. Mehmet Murat Sokak No: 4, Istanbul 34110 TÃ¼rkiye",https://www.tripadvisor.com/Hotel_Review-g293974-d1732739-Reviews-Hotel_Sultania-Istanbul.html,4.9,2021-07-31,"Istanbul da nadir gÃ¼zel mekanlardan Bir tanesi Ã–zellikle Ã§alÄ±san personellerden Ã–zgÃ¼r Beye Ã§ok teÅŸekkÃ¼r ederim. 
Hizmetlerinizden dolayi Ã‡ok tessekkur ederim.
 Istanbula gelecek olan herkesi bu mekana rahatlikla tavsiye ederim. Bir dahaki sefere kesinlikle tercih edecegim yerlerden bir tanesi hizmey kalitesi Ã§ok yÃ¼ksek",HARÄ°KA MEKAN.,2021-07,5,5,,tr
Hotel Sultania,"Ebusuud Cad. Mehmet Murat Sokak No: 4, Istanbul 34110 TÃ¼rkiye",https://www.tripadvisor.com/Hotel_Review-g293974-d1732739-Reviews-Hotel_Sultania-Istanbul.html,4.9,2021-06-21,"Istanbulda konaklamamiz icin bu oteli sectik ve pisman olmadik askine o kadar memnun kaldik ki gitmek bile istemiyor uz. Gercekten o kadar profosonel ve guler yuzlu ler ozellikle Gulsen hanim her sorumuza cevap vererek her turlu istegimizi gerceklestirmek icin elinden geleni yapiyor
Herkese tavsiye ederiz",Istanbul,2021-06,5,5,,tr
Hotel Sultania,"Ebusuud Cad. Mehmet Murat Sokak No: 4, Istanbul 34110 TÃ¼rkiye",https://www.tripadvisor.com/Hotel_Review-g293974-d1732739-Reviews-Hotel_Sultania-Istanbul.html,4.9,2020-03-10,"Sultania Ã¶tele ilk geliÅŸimiz, fakat son olmayacaÄŸÄ±na eminiz. Odalar OsmanlÄ± stilinde, tertemiz, kahvaltÄ± Ã§okÃ§eÅŸitli, olive restoranda Ã¶ÄŸle ve akÅŸam yemeÄŸi yenile bilir, manzarasÄ± muhteÅŸem.gÃ¼lÅŸen Arafâ€™a ve BuÄŸra ob ekini olarak Ã§ok baÅŸarÄ±lÄ±, Dilek ve Murat restoranda Ã§ok yardÄ±mcÄ± oldular.",Istanbul gezimiz,2020-03,5,5,,tr
Hotel Sultania,"Ebusuud Cad. Mehmet Murat Sokak No: 4, Istanbul 34110 TÃ¼rkiye",https://www.tripadvisor.com/Hotel_Review-g293974-d1732739-Reviews-Hotel_Sultania-Istanbul.html,4.9,2020-03-10,"Otel Sultan Ahmette konumluyor, her yere yurume mesafesinde. Calisanlar cok guleryuzlu, odalar cok temiz, Otel evimiz gibi oldu. Herkes tavsiye ederia. Fransa dan geldik, her konuda beklentimizi karsiladi. Gulsen Bugra ve Arafa ob olarak cok yardimci oldular. ",Istanbul,2020-03,5,5,,tr
Hotel Sultania,"Ebusuud Cad. Mehmet Murat Sokak No: 4, Istanbul 34110 TÃ¼rkiye",https://www.tripadvisor.com/Hotel_Review-g293974-d1732739-Reviews-Hotel_Sultania-Istanbul.html,4.9,2020-03-07,Hotel sultania ya ilk konaklamamÄ±z. Almanyadan iÅŸ iÃ§in arkadaÅŸlarÄ±mÄ±zla geldik. Otel Ã§alÄ±ÅŸamlarÄ± Ã§ok baÅŸarÄ±lÄ± Arafa bey BuÄŸra bey be GÃ¼lÅŸen hm Ã¶b ekibi olarak hep uardÄ±mcÄ± oldular restoran ekibi Dilek hn hep ilgilendi odalar temiz ve ferah hep ailecek geleceÄŸiz,Istanbul,2020-03,5,5,,tr
Hotel Sultania,"Ebusuud Cad. Mehmet Murat Sokak No: 4, Istanbul 34110 TÃ¼rkiye",https://www.tripadvisor.com/Hotel_Review-g293974-d1732739-Reviews-Hotel_Sultania-Istanbul.html,4.9,2020-03-01,BirkaÃ§ gÃ¼nlÃ¼ÄŸÃ¼ne taatile geldiÄŸimiz Ä°stanbul gezimizde sultania otelde arkadaÅŸÄ±mÄ±zÄ±n tavsiyesi Ã¼zerine konakladÄ±k. O kadar memnun kaldÄ±k ki anlatamam. Personel Ã§ok profosyonel iÅŸini Ã§ok ii biliyor aile gibi olduk ilk gÃ¼nden. KahvaltÄ± vw oda temizliÄŸi harikaydÄ±. Butun Ã§alÄ±ÅŸanlarÄ±n emeÄŸine saÄŸlÄ±k,Ä°stanbulda unutulmaz tatilimiz,2020-03,5,5,,tr
Hotel Sultania,"Ebusuud Cad. Mehmet Murat Sokak No: 4, Istanbul 34110 TÃ¼rkiye",https://www.tripadvisor.com/Hotel_Review-g293974-d1732739-Reviews-Hotel_Sultania-Istanbul.html,4.9,2020-02-22,"herÅŸey Ã§ok gÃ¼zeldi.Odalar Ã§ok temizdi,,personel gÃ¼zelyÃ¼zlu ve Ã§ok ilgiliydi.KahvaltÄ± oldukÃ§a gÃ¼zeldi ve yeterliydi...TeÅŸekkÃ¼rler:)Tabiki tekrar geleceÄŸim...tavsiye edilir. topkapÄ± sarayÄ± aya sofiya gibi tarihi yerlere yÃ¼rÃ¼me mesafesinde",HerÅŸey Ã§ok gÃ¼zeldi...ilgili personel temiz otel,2020-02,5,5,,tr
Hotel Sultania,"Ebusuud Cad. Mehmet Murat Sokak No: 4, Istanbul 34110 TÃ¼rkiye",https://www.tripadvisor.com/Hotel_Review-g293974-d1732739-Reviews-Hotel_Sultania-Istanbul.html,4.9,2020-02-20,Ä°stanbulun tam merkezinde konumlayan sultania otel ister dizayn olarak ister oda temizligi iter calisanlarin guzleryuzlulugu bizi inanilmaz mutlu etti. Butun gezilecek yerler yurume mesafesinde metro ve tramvay duraklari cok yakin. Her gun calisanlar ilgisiyle alakasiyla misafirleri memnun etmeye calisarak evlerindeki gibi his ettiriyorlardi.iyi ki sultania otele geldik burda konakladok. Herkese tavsiye ederiz,Ä°stanbul gezimiz ,2020-02,5,5,,tr
Hotel Sultania,"Ebusuud Cad. Mehmet Murat Sokak No: 4, Istanbul 34110 TÃ¼rkiye",https://www.tripadvisor.com/Hotel_Review-g293974-d1732739-Reviews-Hotel_Sultania-Istanbul.html,4.9,2020-02-15,Ailemle birlikte Bursadan istanbula geldiÄŸimizde arkadasÄ±mÄ±zÄ±n tavsiyesyle sultania otelde konakladÄ±k. HÄ±c te yanÄ±ltmadÄ±lar bizi ister personel ister temizlik ve odalar cok memnun kaldÄ±k her kese gÃ¶nÃ¼l rahatlÄ±ÄŸÄ±yla tavsiye ederiz,Ailecek gelinecek otel,2020-02,5,5,,tr
Hotel Sultania,"Ebusuud Cad. Mehmet Murat Sokak No: 4, Istanbul 34110 TÃ¼rkiye",https://www.tripadvisor.com/Hotel_Review-g293974-d1732739-Reviews-Hotel_Sultania-Istanbul.html,4.9,2020-02-12,Tavsiye edilir ğŸ‘ğŸ‘ğŸ‘. Personeliyle ortamÄ±yla gerÃ§ekten baÅŸarÄ±lÄ± bir otel.. saunasÄ±nÄ± deÄŸerlendirmeniz lazÄ±m. Ä°stanbulun merkezinde tarihi yerlere yakÄ±n ulaÅŸÄ±m.. Ã¼st kÄ±sÄ±mlardan deniz de gÃ¶rebilirsiniz ğŸ¤£,GÃ¼zel Bir Otel,2020-02,5,5,,tr
Hotel Sultania,"Ebusuud Cad. Mehmet Murat Sokak No: 4, Istanbul 34110 TÃ¼rkiye",https://www.tripadvisor.com/Hotel_Review-g293974-d1732739-Reviews-Hotel_Sultania-Istanbul.html,4.9,2020-02-04,Istanbul gezimizde bizleri agÄ±rlayan tum personele tekrar tesekkurler. HarÄ±ka bir konumda. Nrrdeyse butun tarih i yerler icin yan sokak arka sokak dÅŸye tarif edebilirsinÅŸz. Tatihin tam ortasÄ±nda. metro tramvay kapalÄ± Ã§arsÄ± mÄ±sÄ±r carsÄ±sÄ±  hepsi ayagÄ±nÄ±zÄ±n altÄ±nda. ,Tarihin tam ortasÄ±nda,2020-01,5,5,"Istanbul, TÃ¼rkiye",tr
Hotel Sultania,"Ebusuud Cad. Mehmet Murat Sokak No: 4, Istanbul 34110 TÃ¼rkiye",https://www.tripadvisor.com/Hotel_Review-g293974-d1732739-Reviews-Hotel_Sultania-Istanbul.html,4.9,2020-01-30,"Servis personeli,Ã¶n bÃ¼ro Ã§alÄ±ÅŸanlarÄ±,mutfakta Ã§alÄ±ÅŸan Simge HanÄ±m oldukÃ§a ilgililerdi ve gÃ¼leryÃ¼zlÃ¼lerdi. OdalarÄ± temiz, kahvaltÄ± Ã§eÅŸitliliÄŸi fazla, konforlu, tekrar gelmeye deÄŸer bir yer.Tavsiye ederim ",Gelip denenmesi gereken bir restoran,2020-01,5,5,,tr
Hotel Sultania,"Ebusuud Cad. Mehmet Murat Sokak No: 4, Istanbul 34110 TÃ¼rkiye",https://www.tripadvisor.com/Hotel_Review-g293974-d1732739-Reviews-Hotel_Sultania-Istanbul.html,4.9,2020-01-28,ToplantÄ±m Ä°Ã§in konakladÄ±ÄŸÄ±m sultania hotelde herÅŸey muhteÅŸemdi. Ã–n bÃ¼rodaki arkadaÅŸlar Ã§ok ilgili ve alakadardÄ±lar. KahvaltÄ±sÄ± Ã§ok lezzetliydi. Ã–zellikle Garbi beye ilgisinden dolayÄ± Ã§ok teÅŸekkÃ¼r ederiz. ,MuhteÅŸem servis,2020-01,5,5,"Istanbul, TÃ¼rkiye",tr
Hotel Sultania,"Ebusuud Cad. Mehmet Murat Sokak No: 4, Istanbul 34110 TÃ¼rkiye",https://www.tripadvisor.com/Hotel_Review-g293974-d1732739-Reviews-Hotel_Sultania-Istanbul.html,4.9,2020-01-24,"QÄ±zÄ±mÄ±n iÅŸi ilÉ™ geldiÄŸimiz Ä°stanbul gezimizde sultania otelde qonaqladiq.yuksek seviyede servis , Ã§alÄ±ÅŸanlar guleryuzlu, otaq temizliÄŸi sÃ¼per, her zaman her sualÄ±mÄ±za cavab verÉ™rÉ™k kÃ¶mÉ™k etdilÉ™r. DilÉ™k xanÄ±ma tesekkur edirik restoranda bizÉ™ qulluÄŸuna gÃ¶rÉ™. Ã–n bÃ¼ro É™mÉ™kdaÅŸlarÄ±na Ã§ox tÉ™ÅŸÉ™kkÃ¼rlÉ™r Ã¶zÉ™lliklÉ™ Ahmet bey, Garbi bey , Hasan bey ve GÃ¼lÅŸen xanÄ±ma. HÉ™r zaman hÉ™rkÉ™sÉ™ tovsuyede bulinacagiq vÉ™ hÉ™r zaman buraya geleceyik",Ä°stanbul gezimiz,2020-01,5,5,,tr
Hotel Sultania,"Ebusuud Cad. Mehmet Murat Sokak No: 4, Istanbul 34110 TÃ¼rkiye",https://www.tripadvisor.com/Hotel_Review-g293974-d1732739-Reviews-Hotel_Sultania-Istanbul.html,4.9,2020-01-22,"Gercekten muhteshem otel.
Odalar cok rahat genish, 
Sabah kahvaltisi bol, tatli taze her shey
Her kesin guleryuzlu insanin icini aciyor
En onemlisi hizmet muhteshem.
Oda temizliyi her gun gul kimi oda ğŸ˜‡
Cok teshekkur ederim ",Istanbul ,2020-01,5,5,,tr
Hotel Sultania,"Ebusuud Cad. Mehmet Murat Sokak No: 4, Istanbul 34110 TÃ¼rkiye",https://www.tripadvisor.com/Hotel_Review-g293974-d1732739-Reviews-Hotel_Sultania-Istanbul.html,4.9,2020-01-19,Hotelin her yere yakin olmasi konumu ve guzelligi hizmet kalitesi fevkaledeydi ozellikle personelin guler yuzlulugu ve cana yakinligi ilgi alakasi bizi cok memnun etti tesekkurlerimi hotel sultania ekibine borc bilirim...,Tarihi yarim ada gezisi,2020-01,5,5,,tr
Hotel Sultania,"Ebusuud Cad. Mehmet Murat Sokak No: 4, Istanbul 34110 TÃ¼rkiye",https://www.tripadvisor.com/Hotel_Review-g293974-d1732739-Reviews-Hotel_Sultania-Istanbul.html,4.9,2020-01-17,"Sultania otelden Ã§ok memnun kaldÄ±k.. Ã–zellikle yemekleri Ã§ok lezzetli.. Oda kalitesi ve temizlikte Ã§ok iyi.. Her yere ulaÅŸÄ±m saÄŸlanabilen gÃ¼zel nezih bir otel.. 
KahvaltÄ± Ã§eÅŸitliliÄŸi Ã§ok hoÅŸumuza gitti",Ä°stanbul gezisi,2020-01,5,5,,tr
Hotel Sultania,"Ebusuud Cad. Mehmet Murat Sokak No: 4, Istanbul 34110 TÃ¼rkiye",https://www.tripadvisor.com/Hotel_Review-g293974-d1732739-Reviews-Hotel_Sultania-Istanbul.html,4.9,2020-01-15,Ailece kaldÄ±ÄŸÄ±mÄ±z Sultania otel bize evimiz gibi sÄ±cak bir yuva gibi. Her zaman tercihimiz olmuÅŸtur. KahvaltÄ± da fazla Ã§eÅŸit var ve arkadaÅŸlarÄ±n hizmette Ã§ok baÅŸarÄ±lÄ±lar. Odalar Ã§ok temiz ve dizayn Ã§ok gÃ¼zel.,Istanbul gezimiz,2020-01,5,5,,tr
Hotel Sultania,"Ebusuud Cad. Mehmet Murat Sokak No: 4, Istanbul 34110 TÃ¼rkiye",https://www.tripadvisor.com/Hotel_Review-g293974-d1732739-Reviews-Hotel_Sultania-Istanbul.html,4.9,2020-01-15,"Otelden her konuda memnun kaldÄ±k ama en Ã§ok Ã§alÄ±ÅŸanlarÄ±n gÃ¼ler yÃ¼zlÃ¼lÃ¼ÄŸÃ¼ mutlu etti bizi. Misafirlerini memnun etmek iÃ§in ellerinden gelenin fazlasÄ±nÄ± yapan bir ekip. Yemekleri Ã§ok lezzetli, odalar hijyenik, dekorasyonu fantastik, lokasyonu muazzam gÃ¼zel.. her yere yÃ¼rÃ¼me mesafesinde. Seyahatimiz sayelerinde muhteÅŸem geÃ§ti. GÃ¶nÃ¼l rahatlÄ±ÄŸÄ±yla tercih edebilirsiniz. AyrÄ±ca otelden ayrÄ±lÄ±rken bize minik cÃ¼zdan hediye ettiler. Tatilimizin hatÄ±rasÄ± olarak Ã¶mÃ¼r boyu saklayacaÄŸÄ±m. TÃ¼m Ã§alÄ±ÅŸanlara her ÅŸey iÃ§in tekrar teÅŸekkÃ¼r ederim. Bu kadar gÃ¼zel insanlarÄ± bir arada her zaman gÃ¶rmek mÃ¼mkÃ¼n deÄŸil. HarikasÄ±nÄ±z!",MuhteÅŸem,2020-01,5,5,,tr
Hotel Sultania,"Ebusuud Cad. Mehmet Murat Sokak No: 4, Istanbul 34110 TÃ¼rkiye",https://www.tripadvisor.com/Hotel_Review-g293974-d1732739-Reviews-Hotel_Sultania-Istanbul.html,4.9,2019-12-23,"2020-ci yÄ±lbaÅŸÄ± zamani tatile geldim Sultania Hotelde Ã§ok gÃ¼zel. Sultan Ahmetin tam merkezinde. EminÃ¶nÃ¼ Ã§ok yakÄ±n. Deniz kenarÄ±na yakÄ±n. Geleneksel ne gÃ¶rmek istersenbhepsi burda. Konsepti hem modern, hem de tarihi, Istanbul sehayeti burada Ã§ok farklÄ± ve gÃ¼zel",Gel de gÃ¶r ,2019-12,5,5,,tr
Hotel Sultania,"Ebusuud Cad. Mehmet Murat Sokak No: 4, Istanbul 34110 TÃ¼rkiye",https://www.tripadvisor.com/Hotel_Review-g293974-d1732739-Reviews-Hotel_Sultania-Istanbul.html,4.9,2019-12-22,"Istanbula Almanyadan geldigimizde kalacagimiz Ikinci evimiz olan Sultania otelimizden Cok Memnunuz . Her yere durumu Messfeier. Musa Ustaya teseklurler kahvalti Cok guteldi. Herkese tesekkurler Cok profosonerler 
",Arkadasimla Istanbul gezisi,2019-12,5,5,,tr
Hotel Sultania,"Ebusuud Cad. Mehmet Murat Sokak No: 4, Istanbul 34110 TÃ¼rkiye",https://www.tripadvisor.com/Hotel_Review-g293974-d1732739-Reviews-Hotel_Sultania-Istanbul.html,4.9,2019-12-13,"Ä°ÅŸ iÃ§in Ankaradan  geldiÄŸim 30 senelik evim benim Sultania otel. Personel Ã§ok cana yakÄ±n, servis Ã§ok yÃ¼ksek , odalar orijinal ve kahvaltÄ± Ã§ok Ã§eÅŸitli ve Ã§ok iyi. Herkese tavsiye ederiz. Her yere Ã§ok yakÄ±n",Aile,2019-12,5,5,,tr
Hotel Sultania,"Ebusuud Cad. Mehmet Murat Sokak No: 4, Istanbul 34110 TÃ¼rkiye",https://www.tripadvisor.com/Hotel_Review-g293974-d1732739-Reviews-Hotel_Sultania-Istanbul.html,4.9,2019-12-12,"GÃ¼ler yÃ¼zlÃ¼ personel, kaliteli hizmet sunuyorlar. Yerli yabancÄ± ayÄ±rt etmeksizin birebir ilgilemiuorlar. Ã–zellikle Ã¶n bÃ¼ro Ã§alÄ±ÅŸanlarÄ±na teÅŸekkÃ¼rÃ¼ bir borÃ§ bilirim. TeÅŸekkÃ¼rler  Sultana hotel Ã§alÄ±ÅŸanlarÄ±. ",GÃ¼ler yÃ¼zlÃ¼ hizmet. ,2019-12,5,5,,tr
Hotel Sultania,"Ebusuud Cad. Mehmet Murat Sokak No: 4, Istanbul 34110 TÃ¼rkiye",https://www.tripadvisor.com/Hotel_Review-g293974-d1732739-Reviews-Hotel_Sultania-Istanbul.html,4.9,2019-12-10,Burda olan guleruz personali cox sevdim.her yere yaxin olmasida en gozel ozelliklerinden biridir.seher yemeyide bol cewidlidir.Personalin isteklerinizle tez tez maraqlanmaqida cox gozeldir.Otaq cox komfotludur ver cox gozel ve maraqli dizayni var.Her kese meselehet gorurem ğŸ‘ğŸ¼ğŸ‘ğŸ¼ğŸ‘ğŸ¼,Osmanli sheheri  ,2017-11,5,5,"Istanbul, TÃ¼rkiye",tr
Hotel Sultania,"Ebusuud Cad. Mehmet Murat Sokak No: 4, Istanbul 34110 TÃ¼rkiye",https://www.tripadvisor.com/Hotel_Review-g293974-d1732739-Reviews-Hotel_Sultania-Istanbul.html,4.9,2019-12-05,Ã‡ok memnun kaldÄ±m herkese tavsiye ederim ÅŸehrin orta yeri galata 15 dakika mÄ±sÄ±r Ã§arÅŸÄ±sÄ± 5 dakika Ayasofya 10 dakika yÃ¼rÃ¼yerek mÃ¼kemmel otel hizmeti GÃ¼ler yÃ¼zlÃ¼ Ã§alÄ±ÅŸan sabah kahvaltÄ±larÄ± mukemmel oda servisi harika oda mÃ¼kemmel tarihi eserli motifler var,Tatil,2019-12,5,5,"Istanbul, TÃ¼rkiye",tr
Hotel Sultania,"Ebusuud Cad. Mehmet Murat Sokak No: 4, Istanbul 34110 TÃ¼rkiye",https://www.tripadvisor.com/Hotel_Review-g293974-d1732739-Reviews-Hotel_Sultania-Istanbul.html,4.9,2019-12-05,Yurt dÄ±ÅŸÄ±ndan geliyorum.hizmeti kalitesi ve Ã§alÄ±sanlarin gÃ¼leryÃ¼zlÃ¼ karÅŸÄ±lamasindan memnun kaldim herkese tavsiye ederim.ÅŸehrin heryerine ulaÅŸÄ±mi cok yakin ayasofya topkapÄ± sultanhamet camisi 5 dakika yÃ¼rÃ¼yerek.,MÃ¼kemmel bir otel,2019-12,5,5,,tr
Hotel Sultania,"Ebusuud Cad. Mehmet Murat Sokak No: 4, Istanbul 34110 TÃ¼rkiye",https://www.tripadvisor.com/Hotel_Review-g293974-d1732739-Reviews-Hotel_Sultania-Istanbul.html,4.9,2019-12-01,Ä°stanbul dÄ±ÅŸÄ±ndan Ä°stanbul'a seyahat iÃ§in gelenlerin direk olarak kendini eski Ä°stanbul'un  iÃ§inde bulduÄŸu. Hem denize hem de tarihin ortasÄ±na aynÄ± anda yolculuk yapabileceÄŸiniz tertemiz ve gÃ¼ler yÃ¼zlÃ¼ Ã§alÄ±ÅŸanlarla sizi karÅŸÄ±layan otel. Tekrar. Gelicez,Ä°stanbul'un ortasindayim,2019-11,5,5,,tr
Hotel Sultania,"Ebusuud Cad. Mehmet Murat Sokak No: 4, Istanbul 34110 TÃ¼rkiye",https://www.tripadvisor.com/Hotel_Review-g293974-d1732739-Reviews-Hotel_Sultania-Istanbul.html,4.9,2019-11-10,"Her ÅŸey Ã§ox yaxÅŸÄ±dÄ± oteliniz Ã§ox gÃ¶zel personelin karÅŸÄ±lamasÄ± Ã§ox yaxÅŸÄ±.yemekler ela idi, otaqlar cox maraqli konseptte idi , osmanli tarixini eks ettirirdi.aya sofia sultamahmet camii 5 dq yaxinliqda idi",Qedim ÅŸeher.,2019-11,5,5,,tr
Hotel Sultania,"Ebusuud Cad. Mehmet Murat Sokak No: 4, Istanbul 34110 TÃ¼rkiye",https://www.tripadvisor.com/Hotel_Review-g293974-d1732739-Reviews-Hotel_Sultania-Istanbul.html,4.9,2019-11-10,Oteliniz cox gozeldir personel guler uz xidmetiniz superdir sabah Yemeni cox dadli idi .musa USTA ya tesekkurler.otaqlar  temiz ve resepsiyon her zaman komek etmeye Calisir.gezmek ucun her yer yaxindi.aya Sofia sultanahmet camii,Buyuk Ada gezisi,2019-11,5,5,,tr
Hotel Sultania,"Ebusuud Cad. Mehmet Murat Sokak No: 4, Istanbul 34110 TÃ¼rkiye",https://www.tripadvisor.com/Hotel_Review-g293974-d1732739-Reviews-Hotel_Sultania-Istanbul.html,4.9,2019-10-18,"Otelin yeri gerÃ§ekten mÃ¼kemmel. 
7 iÅŸ arkadaÅŸÄ±mla beraber ÅŸirket toplantÄ±sÄ±nÄ± yaptÄ±k. Hem de turistik gezilerimizi yaptÄ±k. 
Odalar Ã§ok gÃ¼zel. Personel Ã§ok ilgili ve gÃ¼ler yÃ¼zlÃ¼. 
EminÃ¶nÃ¼ 10 dakika yÃ¼rÃ¼me mesafesinde. Lezzetli yemekler hemen yanÄ±nda. GÃ¼lhane parkÄ± giriÅŸi hemen dibinde. Sultanahmet civarÄ± kalÄ±nabilecek en iyi otel diyebilirim.",Her yere yakÄ±n ve kaliteli.,2019-10,5,5,"Istanbul, TÃ¼rkiye",tr
Hotel Sultania,"Ebusuud Cad. Mehmet Murat Sokak No: 4, Istanbul 34110 TÃ¼rkiye",https://www.tripadvisor.com/Hotel_Review-g293974-d1732739-Reviews-Hotel_Sultania-Istanbul.html,4.9,2019-09-22,"Otele girer girmez gÃ¼leryÃ¼zlÃ¼ personelin (semih) karÅŸÄ±lamasÄ±, gÃ¶rebileceÄŸiniz en rahat odalardan birine yerlesmeniz, muhteÅŸem personelin ilgisi. KahvaltÄ±ya indiÄŸimiz zaman evinizde kahvaltÄ± yapiyor hissini almanÄ±z, odanÄ±za tekrar geldiÄŸinizde tertemiz bulmanÄ±z, gerÃ§ekten herÅŸey mÃ¼kemmeldi. TeÅŸekkÃ¼r ederim sultania hotel ailesi. En kÄ±sa zamanda tekrar GÃ¶rÃ¼ÅŸmek dileÄŸiyle. HoÅŸÃ§akalÄ±n ",Mukemmel,2019-09,5,5,"Alanya, TÃ¼rkiye",tr
Hotel Sultania,"Ebusuud Cad. Mehmet Murat Sokak No: 4, Istanbul 34110 TÃ¼rkiye",https://www.tripadvisor.com/Hotel_Review-g293974-d1732739-Reviews-Hotel_Sultania-Istanbul.html,4.9,2019-08-16,"nereden baÅŸlÄ±yorum?  Bu tatil ÅŸaÅŸÄ±rtÄ±cÄ± ve bu yalan kalmÄ±ÅŸ en iyi otel oldu.  Sadece bu hafta boyunca benimle ilgilenen tÃ¼m personele Ã§ok teÅŸekkÃ¼r ediyorum.  Ä°simlerinizi bilmediÄŸim iÃ§in Ã§ok Ã¼zgÃ¼nÃ¼m ama en sevdiÄŸim ÅŸeyi hatÄ±rlÄ±yorum, Atakan olduÄŸuna inanÄ±yorum ??  .  Otel ile ilgili her ÅŸey dÃ¼rÃ¼st olmak gerekirse 5 yÄ±ldÄ±z.  personel kaba deÄŸil, nazik ve sevecen, oda servisi lezzetli ve odalar temiz ve taze ğŸ˜Š.  Ben ve ailem Ä°stanbul'da harika zaman geÃ§irdik ve kalmak iÃ§in bu Ã§ok Ã¶zel oteli seÃ§tiÄŸimiz iÃ§in Ã§ok mutluyum.  BU PARIS DAHA Ä°YÄ°DÄ°R!  Her gece olduÄŸu gibi ben ve ailem aÅŸaÄŸÄ± iner ve personel bizimle konuÅŸur ve her zaman neÅŸeyle ve elbette kahkahalarla dolurdu ğŸ˜‚ !!  Bu yÃ¼zden eÄŸer biri kalmak iÃ§in rahatlatÄ±cÄ± bir otel arÄ±yorsa, o zaman Hotel Sultania'yÄ± tavsiye ederim.  AyrÄ±ca hÄ±zlÄ± bir hatÄ±rlatma, otel dÄ±ÅŸÄ±nda restoranlar var, bu yÃ¼zden insanlar ÅŸarkÄ± sÃ¶yleyip tezahÃ¼rat yaptÄ±klarÄ± iÃ§in biraz gÃ¼rÃ¼ltÃ¼lÃ¼ olabilir ama beni Ã§ok mutlu ettiÄŸinden Ã§ok sevdim ... Bu otele geri dÃ¶nebilir miyim?  Tabii ki !!!!",A REVIEW ON HOTEL SULTANIA â™¥ï¸,2019-07,5,5,,tr
Hotel Sultania,"Ebusuud Cad. Mehmet Murat Sokak No: 4, Istanbul 34110 TÃ¼rkiye",https://www.tripadvisor.com/Hotel_Review-g293974-d1732739-Reviews-Hotel_Sultania-Istanbul.html,4.9,2019-07-03,"Istanbul Sultania Hotel, Istanbul'un SirkeÃ§i ilÃ§esinde, GÃ¼lhane Park'Ä±n tam karÅŸÄ±sÄ±nda yer alÄ±yor.
Cok gÃ¼zel, aÅŸÄ±rÄ± derecece temiz, tÃ¼m tekinik donanÄ±ma sahip ve konfor yÃ¶nÃ¼nden hic bir detay atlanmamÄ±ÅŸ butik tarzÄ±nda Konforu ve tarihi birarada buluÅŸduran bir ÅŸehir otelidir. BugÃ¼ne kadar gitmiÅŸ ve gÃ¶rmÃ¼ÅŸ olduÄŸum en gÃ¼zel ÅŸehir oteli 

Daima gÃ¼leryÃ¼zlÃ¼, Ã§ok sÄ±cakkanlÄ±, samimi ve profesyonel ekibi ile Istanbulda, TÃ¼rk Misafir Perverligi ile gerek YurtiÃ§i, gerek YurtdÄ±ÅŸÄ±ndan gelen Misafirlerine, Ev sahipligi yapiyor. KonakladÄ±ÄŸÄ±mÄ±z sÃ¼rece bizi evimiz deki gibi rahat hissediren Personelere teÅŸekkÃ¼rÃ¼ bir borÃ§ bilirim. GÃ¼lÅŸen HanÄ±m, Arafa Bey, Semih Bey, Garbi Bey, Dilek HanÄ±m, GM Sevilay HanÄ±m ve ismini bilmediÄŸimiz diÄŸer arkadaÅŸlarÄ±nÄ±zla Ã§ok deÄŸerlisiniz. 
Odalar cok hos ve sicak rengler ve mobilyalar ile dizyan edilmiÅŸ ÅŸekilde tasarlanmiÅŸ. GÃ¼ne dinÃ§ ve dinamik baÅŸlamak icin hertÃ¼rlÃ¼ damak zevkine hitap eden ve muhteÅŸem sabah kahvaltÄ±sÄ± ayrÄ± bir gÃ¼zel.

Otel Personeli, konaklamanÄ±n ve tatilin en iyi ÅŸekilde geÃ§mesi icin ellerinden geleni yapÄ±yorlar.

YÃ¼ksek derecede gÃ¶zÃ¼m kapalÄ± tavsiye edebileceÄŸim ve en kÄ±sa zamanda tekrar geleceÄŸim bir oteldir.
TeÅŸkÃ¼rler YASMAK HOTELS COLLECTION SULTANIA ISTANBUL AILESI.

Sevgiler Kerem Kaya.",Sultania anlatÄ±lmaz yaÅŸanÄ±r,2019-06,5,5,"Stuttgart, Germany",tr
Hotel Sultania,"Ebusuud Cad. Mehmet Murat Sokak No: 4, Istanbul 34110 TÃ¼rkiye",https://www.tripadvisor.com/Hotel_Review-g293974-d1732739-Reviews-Hotel_Sultania-Istanbul.html,4.9,2019-05-05,Istanbula Geldigimde 2.evim Sultania otelden kaliyorum.odalar Cok bÃ¼YÃ¼k ferah temiz  kahvalti Ã§ok cesitli.calisanlar Ã§ok guleryuzlu ve yardimsever.cok huzurlu oluyorum burasÄ± evim gibim.herkese tavsiye ederim.cumartesi Fasila katildim Ã§ok iyiydi.calisanlar Ã§ok profosyonel herkeze tesekkurler,Istanbul  vatanim,2019-05,5,5,,tr
Hotel Sultania,"Ebusuud Cad. Mehmet Murat Sokak No: 4, Istanbul 34110 TÃ¼rkiye",https://www.tripadvisor.com/Hotel_Review-g293974-d1732739-Reviews-Hotel_Sultania-Istanbul.html,4.9,2019-04-18,Ä°stanbul konaklamamÄ±z Sultania otelde harÄ±ka gectÄ± herkese Ã§ok teÅŸekkÃ¼r ederÄ±z Ã§alÄ±ÅŸanlar cok Ä±yÄ± herkes profosonel kahvaltÄ± zengÄ±n odalar harÄ±ka temiz her zaman gelecegÄ±z herkese gÃ¶nÃ¼l rahatlÄ±ÄŸÄ±yla tavsÄ±ye ederÄ±z,Sultania otel ,2019-04,5,5,,tr
Hotel Sultania,"Ebusuud Cad. Mehmet Murat Sokak No: 4, Istanbul 34110 TÃ¼rkiye",https://www.tripadvisor.com/Hotel_Review-g293974-d1732739-Reviews-Hotel_Sultania-Istanbul.html,4.9,2019-04-14,Sultania Otel Istanbulun Tarih Kokan merkezinde konumluyor calisanlar sicakkanli her Turlu yardimda bulunuyorlar cok profosoneller kahvalti super odalar Temiz herkese gÃ¶nul rahatligiyla tavsiye ederiz,Istanbul ziyareti,2019-04,5,5,"Istanbul, TÃ¼rkiye",tr
Hotel Sultania,"Ebusuud Cad. Mehmet Murat Sokak No: 4, Istanbul 34110 TÃ¼rkiye",https://www.tripadvisor.com/Hotel_Review-g293974-d1732739-Reviews-Hotel_Sultania-Istanbul.html,4.9,2019-04-10,Ã‡ok deÄŸerli SultanÄ±a ailesi. Bizi bu kadar evimizde hiss ettirdiÄŸiniz ve simarttiginiz iÃ§in Ã§ooooook teÅŸekkÃ¼r ederiz. SamimÃ® gÃ¼leryÃ¼zlÃ¼ profosyonel Ã§alÄ±ÅŸanlar her kes cana yakÄ±n.  Herkes elinden gelenin en iyisini yapÄ±yor misafir memnuniyeti iÃ§in.. herkese gÃ¶nÃ¼l rahatlÄ±ÄŸÄ±yla tavsiye ediyorum.. ,SultanÄ±a ailemiz,2019-04,5,5,"Bursa, TÃ¼rkiye",tr
Hotel Sultania,"Ebusuud Cad. Mehmet Murat Sokak No: 4, Istanbul 34110 TÃ¼rkiye",https://www.tripadvisor.com/Hotel_Review-g293974-d1732739-Reviews-Hotel_Sultania-Istanbul.html,4.9,2019-04-10,"Ä°stanbula iÅŸ seyahatimiz iÃ§in  kaldÄ±ÄŸÄ±mÄ±z otel Sultania evimiz gibidir yÃ¶netime ve Ã§alÄ±ÅŸanlara Ã§ok teÅŸekkÃ¼r ediyorÄ±m
 Her misafirle Ã¶zel ilgilenip evlerindeki gibi hiss ettiriyorlar Ã¶zellikle resepsiyon Ahmet bey ,restoran ekibi arkadaÅŸlar her kese teker teker teÅŸekkÃ¼rler .hep bÃ¶yle devam edin ",En Ã¶zel en gÃ¼zel otel,2019-04,5,5,,tr
Hotel Sultania,"Ebusuud Cad. Mehmet Murat Sokak No: 4, Istanbul 34110 TÃ¼rkiye",https://www.tripadvisor.com/Hotel_Review-g293974-d1732739-Reviews-Hotel_Sultania-Istanbul.html,4.9,2019-04-02,Otelin konumu Ã§ok iyi. Ä°stanbul'daki birÃ§ok Ã¶nemli turistik nokta yÃ¼rÃ¼yÃ¼ÅŸ mesafesinde. OdanÄ±n konsepti ve konforu sarayda gibi hissettiriyor... Personel ilgili ve kibar. Temizlik Ã§ok iyi. Kesinlikle tavsiye edilir...,Konum ve konsept Ã§ok iyi,2019-03,5,5,"Ankara, TÃ¼rkiye",tr
Hotel Sultania,"Ebusuud Cad. Mehmet Murat Sokak No: 4, Istanbul 34110 TÃ¼rkiye",https://www.tripadvisor.com/Hotel_Review-g293974-d1732739-Reviews-Hotel_Sultania-Istanbul.html,4.9,2019-02-17,"Ã–ncelikle otelin lokasyon olarak harika biryerde olduÄŸunu sÃ¶ylemek isterim.Ä°stanbul'un en Ã¶nemli tarihi mekanlarÄ±na yÃ¼rÃ¼yÃ¼ÅŸ mesafesinde,ayrÄ±ca toplu taÅŸÄ±ma araÃ§larÄ±da Ã§ok yakÄ±n.Biz Herbalife Kick Off 2019 etkinliÄŸi iÃ§in Antalya'dan Ä°stanbul'a geldik.ZamanÄ±mÄ±z az olmasÄ±na raÄŸmen gezme fÄ±rsatÄ± bulabildik ve otele kolaylÄ±kla dÃ¶nebildik.Otele gelecek olursak,konsept harika.Kendinizi OsmanlÄ± sarayÄ±nda sanÄ±yorsunuz:-)Odalar temiz ve sizi tarihde yolculuÄŸa gÃ¶tÃ¼rÃ¼yor.Ã–zellikle personein mÃ¼ÅŸteri memnuniyeti konusundaki hassasiyetleri takdir edilecek dÃ¼zeyde.Hepsine teÅŸekkÃ¼rler.Ä°stanbul'un tarihi mekanlarÄ±na yÃ¼rÃ¼yÃ¼ÅŸ mesafesinde olmak ve o tarihi havayÄ± solumak isteyen herkese tavsiye ederim.",Harika lokasyon ve hizmet,2019-02,5,5,,tr
Hotel Sultania,"Ebusuud Cad. Mehmet Murat Sokak No: 4, Istanbul 34110 TÃ¼rkiye",https://www.tripadvisor.com/Hotel_Review-g293974-d1732739-Reviews-Hotel_Sultania-Istanbul.html,4.9,2019-02-07,"Oteldeki ilgi ve alÃ¢ka sÃ¼perdi oda konsepti mÃ¼kemmel seÃ§ilmiÅŸ tv hizmeti Ã§ok kaliteliydi ayirca restaurant manzarasi muthisti hizmet kalitesi business seviyede  Ã¶zellikle Feyyaz bey  ve Arafa bey'e sonsuz teÅŸekkÃ¼rler ilgi alakalari icin.
Tekrar gorusmek uzere.",Harika bir yÄ±l dÃ¶nÃ¼mÃ¼,2019-02,5,5,,tr
Hotel Sultania,"Ebusuud Cad. Mehmet Murat Sokak No: 4, Istanbul 34110 TÃ¼rkiye",https://www.tripadvisor.com/Hotel_Review-g293974-d1732739-Reviews-Hotel_Sultania-Istanbul.html,4.9,2019-01-27,"Sultanahmette Sultan gibi hissetmek istiyorsanÄ±z Sultania'ya gitmenizi oneririm. Istanbul'da da yaÅŸÄ±yor olsaniz hem hotelin tarihsel Ã§evresinin hem de Sultania'nin mÃ¼kemmel calisanlarinin hizmeti ile doyasiya keyfini Ã§Ä±karmak icin cok keyifli gunler gecirebilirsiniz. Tekrar gorusmek Ã¼zere Sultania.
Ismail Buberka",Sultan gibi hissetmek,2019-01,5,5,"Istanbul, TÃ¼rkiye",tr
Hotel Sultania,"Ebusuud Cad. Mehmet Murat Sokak No: 4, Istanbul 34110 TÃ¼rkiye",https://www.tripadvisor.com/Hotel_Review-g293974-d1732739-Reviews-Hotel_Sultania-Istanbul.html,4.9,2018-08-15,Ã‡ok gÃ¼zel bir otel Ã§alÄ±ÅŸan herkes Ã§ok gÃ¼ler yÃ¼zlÃ¼ ve size yardÄ±mcÄ± olmaya Ã§alÄ±ÅŸÄ±yor. Ancak bu oteli diÄŸer beÅŸ yÄ±ldÄ±zlÄ± otellerden ayÄ±ran bir de konsepti var ki kendinizi tam sultan gibi hissediyorsunuz. Ä°stanbula yolunuz dÃ¼ÅŸerse Ã§ekinmeden tercih edebileceÄŸiniz bir otel.,konsept,2018-07,5,5,"Istanbul, TÃ¼rkiye",tr
Hotel Sultania,"Ebusuud Cad. Mehmet Murat Sokak No: 4, Istanbul 34110 TÃ¼rkiye",https://www.tripadvisor.com/Hotel_Review-g293974-d1732739-Reviews-Hotel_Sultania-Istanbul.html,4.9,2018-07-01,ArkadaÅŸlarÄ±mÄ±zla tatil amaÃ§lÄ± geldiÄŸimiz bu otelde gÃ¼ler yÃ¼zlÃ¼ misafir Perver personeliyle gÃ¼zel bir ÅŸekilde aÄŸÄ±rlandÄ±k odalarÄ± Ã§ok temizdi ve odalardakÄ± konsept oldukÃ§a baÅŸarÄ±lÄ±ydÄ± ilgi ve alakasÄ± iÃ§in otel sultania personeline sevgiler.,GÃ¼leryÃ¼zlÃ¼ Personel,2018-06,5,5,,tr
Hotel Sultania,"Ebusuud Cad. Mehmet Murat Sokak No: 4, Istanbul 34110 TÃ¼rkiye",https://www.tripadvisor.com/Hotel_Review-g293974-d1732739-Reviews-Hotel_Sultania-Istanbul.html,4.9,2018-06-19,ArkadaÅŸÄ±mÄ±n gelin hamamÄ± eÄŸlencesi ile ilk kez geldim otele Ã¶yle gÃ¼leryÃ¼zlÃ¼ misafirperver Ã§alÄ±ÅŸanlarÄ± var ki insan kendini evinde hissediyor. TemizliÄŸinden ÅŸÃ¼phe etmemiÅŸtik zaten ve bizi yanÄ±ltmadÄ±lar inanÄ±lmaz temiz. Defalarca gelin hamamÄ± yapmak lazÄ±m burada :) kesinlikle bende gelin hamamÄ± eÄŸlencemi sizinle yapacaÄŸÄ±m. Ä°lgiliniz gÃ¼leryÃ¼zÃ¼nÃ¼z lezzetli yemekleriniz iÃ§in Ã§ok teÅŸekkÃ¼rler :),Gelin hamamÄ±,2018-06,5,5,,tr
Hotel Sultania,"Ebusuud Cad. Mehmet Murat Sokak No: 4, Istanbul 34110 TÃ¼rkiye",https://www.tripadvisor.com/Hotel_Review-g293974-d1732739-Reviews-Hotel_Sultania-Istanbul.html,4.9,2018-05-20,"Otelde calisanlar herkes cok gulerzuylu ve cok cana yakin insanlar. ozellikle Engin bey,Yavuz bey, Mesut bey, Tugce hanim, Gulsen hanim bize kendi evimizdeki gibi hissettirdiler. Servisleri, kahvalti cesitliligi ve sunumu harika. Emegi gecen mutfak ekibine, seflere garson arkadaslara cok cok tesekkurler.Istanbula gelen butun turistlere gonul rahatligiyla tavsiye ederiz. Tavsiyem kendiniz gelerek gormeniz ... ",Superrr!!!,2018-05,5,5,,tr
Hotel Sultania,"Ebusuud Cad. Mehmet Murat Sokak No: 4, Istanbul 34110 TÃ¼rkiye",https://www.tripadvisor.com/Hotel_Review-g293974-d1732739-Reviews-Hotel_Sultania-Istanbul.html,4.9,2018-04-22,otel 4 yÄ±ldÄ±zlÄ±. bence gayet gÃ¼zel. odalar Ã§ok konforlu. resepsiyon Ã§ok gÃ¼ler yÃ¼zlÃ¼. Ã§alÄ±ÅŸanlar da gayet kibar insanlar. kaldÄ±ÄŸÄ±mÄ±z sÃ¼re boyunca sÃ¼rekli ilgilendiler.insan gerÃ§ektende kendini sultan gibi hissediyor.,harika,2017-07,4,4,,tr
Hotel Sultania,"Ebusuud Cad. Mehmet Murat Sokak No: 4, Istanbul 34110 TÃ¼rkiye",https://www.tripadvisor.com/Hotel_Review-g293974-d1732739-Reviews-Hotel_Sultania-Istanbul.html,4.9,2018-03-03,"Bu hotel  de gerek alacaÄŸÄ±nÄ±z hizmet ile gerek Hotelin dekoru ile, gerÃ§ekten Sultanlar gibi hissedeceksiniz.Her oda bir Sultanin adi ile adlandÄ±rÄ±lmÄ±ÅŸ  ve o sultanin resmi ile dekor edilmiÅŸ. O Sultan hakkÄ±ndaki bilgler de kÃ¢ÄŸÄ±ttan bir ferman a yazÄ±lmÄ±ÅŸ ve o fermanÄ± size hediye ediliyorlar. Dilerseniz oteldeki beÄŸendiniz objeleri de satÄ±n alabiliyorsunuz, bÃ¶ylece size hotelden bir hatÄ±ra daha kalÄ±yor. Personel Ã§ok ilgili, samimi ve gÃ¼leryÃ¼zlÃ¼, kahvaltÄ± mÃ¼kemmel, bir kuÅŸsÃ¼tu eksik, odalarÄ±n temizliÄŸine diyecek laf yok. Kizimla  bu otelde 4 gÃ¼n kaldÄ±m ve kendimi evimde gibi hissettim. AyrÄ±ca Istanbulun tarihini gÃ¶rmek iÃ§in gelmiÅŸseniz, Ayasofya, Sutlanahmet e, Yerebatan Sarnica, Topkapiya, tramvay istasyonlara, metro ve marmaraya cok yakÄ±n , hiÃ§ ulaÅŸÄ±m sorunu cekmezsiniz.
Ekibie tekrar cok tesekkur ederim Bilhassa surekli bizimle ilgilenen GÃ¼lÅŸen hanima,Semih Beye, iki Mesut Beyefendilere:), Dilek hnm, UÄŸur Bey e, Odamizi tertemiz tutan Ramazan Bey e Ã§ok tesekkurler, saygilar ve selamlar,Pelin C.",Sultanlar gibi hissedin- Feel like a Sultana,2018-03,5,5,,tr
Hotel Sultania,"Ebusuud Cad. Mehmet Murat Sokak No: 4, Istanbul 34110 TÃ¼rkiye",https://www.tripadvisor.com/Hotel_Review-g293974-d1732739-Reviews-Hotel_Sultania-Istanbul.html,4.9,2018-02-19,Hotel sultania adÄ± gibi sultanlara layik gercekten odalar cok temizdi konaklamamiz boyunca daime bize yardimci olan gÃ¼lsen ve dilek hanima tesekkur ederiz.Ayrica kahvaltida bize hergun omlet yapan esma hanimin da ellerine saglik emekleri icin tesekkur ederiz kesinlikle tavsiye ederiz cok memnun kaldik :) sevgiler .,Ä°kinci evim Sultania,2018-02,5,5,,tr
Hotel Sultania,"Ebusuud Cad. Mehmet Murat Sokak No: 4, Istanbul 34110 TÃ¼rkiye",https://www.tripadvisor.com/Hotel_Review-g293974-d1732739-Reviews-Hotel_Sultania-Istanbul.html,4.9,2018-02-19,Hizmetiniz iÃ§in ve mÃ¼ÅŸteri anlayisiniz icin teÅŸekkÃ¼rler. HerÅŸey tam anlamiyla fevkaladeydi.otelin mimariside cok iyi ve muazzamdi gelecek olan kisilere tavsiye edeceÄŸim.calisan arkadaslarada tesekkur ederim.bizleri iyi karsiladilar.,Tatil,2018-02,5,5,,tr
Hotel Sultania,"Ebusuud Cad. Mehmet Murat Sokak No: 4, Istanbul 34110 TÃ¼rkiye",https://www.tripadvisor.com/Hotel_Review-g293974-d1732739-Reviews-Hotel_Sultania-Istanbul.html,4.9,2018-01-17,Ispartaâ€™dan Ä±stanbula arkadaÅŸÄ±mla buluÅŸmak Ä±cÄ±n ayarlanmÄ±s olan seyahatÄ±mda sultanÄ±a otelde 3 gecelik konakladÄ±m muhteÅŸem otesÄ± bÄ±r otel Ã§alÄ±ÅŸanlar Ã§ok guleryuzlu ozellÄ±kle GÃ¼lÅŸen hanÄ±m DÄ±lek HanÄ±m Mesut bey bÄ±zÄ± Ã§ok sÄ±marttÄ±lar Ä±lgÄ±lerÄ±yle her kese gonul rahatlÄ±ÄŸÄ±yla tavsÄ±ye edÄ±yorum tarÄ±hÄ±n gobegÄ±nde bÃ¼tÃ¼n turÄ±stÄ±k yerlere yÃ¼rÃ¼me mesafesÄ±nde Ä±stanbula gelen mutlaka burda konaklamalÄ±,MÃ¼kemmel Ã–tesi,2018-01,5,5,TÃ¼rkiye,tr
Hotel Sultania,"Ebusuud Cad. Mehmet Murat Sokak No: 4, Istanbul 34110 TÃ¼rkiye",https://www.tripadvisor.com/Hotel_Review-g293974-d1732739-Reviews-Hotel_Sultania-Istanbul.html,4.9,2018-01-10,saray gibi dÃ¶senmis bu otelde ailece severek kaliyoruz. hersey mÃ¼kemmel. cocuklsrimiz dahi cok sevdi. bir istirhamimiz olunca derhal yardimci oluyorlar. tekrar gelebilebilecegim ve gÃ¶nÃ¼l rahatligiyla tavsiye edebilecegim bir otel,tek kelimeyle harika,2018-01,5,5,,tr
Hotel Sultania,"Ebusuud Cad. Mehmet Murat Sokak No: 4, Istanbul 34110 TÃ¼rkiye",https://www.tripadvisor.com/Hotel_Review-g293974-d1732739-Reviews-Hotel_Sultania-Istanbul.html,4.9,2017-12-28,"Bir tesadÃ¼f eseri konakladÄ±ÄŸÄ±m ve bundan sonra kesinlikle tercih edeceÄŸim harika bir tesis yaratan yÃ¶netimi ve ekibini kutluyorum.AslÄ±nda belkide negatif baÅŸlayacak konaklamamÄ±zÄ± Ã§ok profesyonel yaklaÅŸÄ±mla Ã§Ã¶zÃ¼mleyen resepsiyondan,oda temizliÄŸini Ã¶zenle yapan gÃ¼leryÃ¼zlÃ¼ maid ve tabiki gÃ¼ne mutlu baÅŸlamamÄ±za neden olan kahvaltÄ±  servis veren  gÃ¼leryÃ¼zlÃ¼ ekibe kadar konaklamamÄ±zÄ± unutulmaz  kÄ±lan tÃ¼m  ekibi tekrar tebrik ediyorum.
Kendimi sultan gibi hissetmemi saÄŸlayan ambians ve konforu baÅŸka biryerde bulabileceÄŸimi zannetmiyorum.
EmeÄŸi geÃ§en herkese Ã§ok teÅŸekkÃ¼r ederim. ",Sultania'da Sultan olmak,2017-12,5,5,,tr
Hotel Sultania,"Ebusuud Cad. Mehmet Murat Sokak No: 4, Istanbul 34110 TÃ¼rkiye",https://www.tripadvisor.com/Hotel_Review-g293974-d1732739-Reviews-Hotel_Sultania-Istanbul.html,4.9,2017-11-18,Sultania hotel konseptiyle tam sultanlara layik. Her yer Ã¶zenle dikkatle dekore edilmiÅŸ misafir memnuniyetine Ã§ok Ã¶nem veren bir isletme. Otelin Lokasyonu Ã§ok iyi tÃ¼m turistik yerlere yÃ¼rÃ¼me mesafesinde.,Sultanlara layik,2017-11,5,5,,tr
Hotel Sultania,"Ebusuud Cad. Mehmet Murat Sokak No: 4, Istanbul 34110 TÃ¼rkiye",https://www.tripadvisor.com/Hotel_Review-g293974-d1732739-Reviews-Hotel_Sultania-Istanbul.html,4.9,2017-11-16,Sultania hotel adÄ±nÄ±n hakkÄ±nÄ± verip sizleri sultan gibi hissettiriyor gerek odalardaki dekorlar gerek verilen hizmet tam mÃ¼ÅŸteri memnuniyeti odaklÄ± bir iÅŸletme. AyrÄ±ca bulunduÄŸu konum itibariyle de tercih sebebi,Hizmet kalitesi,2017-11,5,5,"Bursa, TÃ¼rkiye",tr
Hotel Sultania,"Ebusuud Cad. Mehmet Murat Sokak No: 4, Istanbul 34110 TÃ¼rkiye",https://www.tripadvisor.com/Hotel_Review-g293974-d1732739-Reviews-Hotel_Sultania-Istanbul.html,4.9,2017-11-16,"YaÅŸmak sultanÄ±n da parÃ§asÄ± olan otel grubunun diÄŸer oteli Sultania otelde de konaklama ÅŸansÄ±mÄ±z oldu, hizmet tabi ki sÃ¼per ve odalarÄ±n konforu Ã¼st seviyelerde. Ã‡ok memnun kaldÄ±k sultania hotel Ã§alÄ±ÅŸanlarÄ±na herkese teÅŸekkÃ¼rler",Konsept harika,2017-11,5,5,,tr
Hotel Sultania,"Ebusuud Cad. Mehmet Murat Sokak No: 4, Istanbul 34110 TÃ¼rkiye",https://www.tripadvisor.com/Hotel_Review-g293974-d1732739-Reviews-Hotel_Sultania-Istanbul.html,4.9,2017-09-07,"Yillar once kaldigim bu minik ve sicak saraydan yine yillar sonra hic degismeden hatta uzerine eklemis olarak hizmet almis olmak harika!

Tum departmanlara ayri ayri tesekkurler harikasiniz cocuklar!!!",Butik Saray Sultania...,2017-09,5,5,"Nevsehir, TÃ¼rkiye",tr
Hotel Sultania,"Ebusuud Cad. Mehmet Murat Sokak No: 4, Istanbul 34110 TÃ¼rkiye",https://www.tripadvisor.com/Hotel_Review-g293974-d1732739-Reviews-Hotel_Sultania-Istanbul.html,4.9,2017-05-09,"Bir Ã§oÄŸumuz gibi acaba nasÄ±l bir yer diye netten araÅŸtÄ±ra araÅŸtÄ±ra yorumlara bakarak seÃ§tim hoteli. Ä°lk rezervazyon yaparken resepsiyondaki beyle epeyce konuÅŸup sorular sordum ÅŸÃ¶yle mi bÃ¶yle mi diye? TereddÃ¼tlerim vardÄ± ama hepsini bÃ¼yÃ¼k bir sabÄ±rla cevapladÄ± ve ilk artÄ± puanÄ± o zaman aldÄ±lar benden. Sonra ilk otele geldiÄŸimizde odamÄ±za girdiÄŸimiz an doÄŸru bir karar olduÄŸunu o zamanda verdim. Gayet ÅŸÄ±k temiz herÅŸey dÃ¼ÅŸÃ¼nÃ¼lmÃ¼ÅŸ. YataÄŸÄ±n Ã¼zerindeki not, banyodaki not, komidinin Ã¼stÃ¼ndeki not acaba baÅŸka bi yerden not Ã§Ä±kacak mÄ± diye her yere baktÄ±m. Ä°lk defa bÃ¶yle herÅŸeyi dÃ¼ÅŸÃ¼nen bir otelle karÅŸÄ±laÅŸtÄ±m. KahvaltÄ±da gayet gÃ¼zel.Ã§alÄ±ÅŸanlar ilgisi alakasÄ± ve Ã§ok saygÄ±lÄ±lar. Bu arada OdanÄ±za dÃ¶nÃ¼nce baÅŸka bir sÃ¼prizle karÅŸÄ±laÅŸÄ±yorsunuz. Tertemiz bir oda dÃ¼zenli bir yatak. Tek Kelimeyle HerÅŸey SÃ¼perdi. TeÅŸekkÃ¼rler SULTANÄ°A. Tekrar GÃ¶rÃ¼ÅŸmek Ã¼midiyle...",HiÃ§ dÃ¼ÅŸÃ¼nmeden kalÄ±nabilecek mÃ¼kemmel bir hotel,2017-04,5,5,,tr
Hotel Sultania,"Ebusuud Cad. Mehmet Murat Sokak No: 4, Istanbul 34110 TÃ¼rkiye",https://www.tripadvisor.com/Hotel_Review-g293974-d1732739-Reviews-Hotel_Sultania-Istanbul.html,4.9,2017-02-13,"Normalde yaÅŸmak sultan hotele rezervasyon yaptÄ±rmÄ±ÅŸtÄ±m standart oda seÃ§miÅŸtim seÃ§erken de isteklerim odanÄ±n Ã¼st katlarda ve temiz olup gÃ¼zel kokmasÄ±nÄ± istedim Ã§Ã¼nkÃ¼ koku faktÃ¶rÃ¼ Ã¶nem taÅŸÄ±yor bende. Neyse otele gittik rezervasyonu yaptÄ±rdÄ±ktan sonra sizi aynÄ± gruba ait olan bir Ã¼st daha kaliteli olan Sultania Hotelde aÄŸÄ±rlamak isteriz dediler eÄŸer sultanida yer olursa orada aÄŸÄ±rlayabiliyorlarmÄ±ÅŸ. Bende netten gelmeden incelemiÅŸtim iÅŸte tripadvisorun en iyi otellerini 6. SÄ±radaydÄ± sultania da hal bÃ¶yle olunca hay hay dedim hiÃ§ sesimi Ã§Ä±karmadan tÄ±n tÄ±n Ã§Ä±ktÄ±k odamÄ±za :)) odalar her bir sultanÄ±n ismine Ã¶zel olarak adlandÄ±rÄ±lÄ±yor ve o sultanÄ±n portresi bÄ±lunuyor odada. GerÃ§ekten kapÄ± aÃ§Ä±ldÄ±ÄŸÄ±nda ilk dikkat ettiÄŸim koku olayÄ± mis gibi koyuyordu buna Ã§ok sevindim. Yatak jilet gibi ve tertemizdi ayrÄ±ca karÅŸÄ±lamada Ã§ok hoÅŸ cezerye ikram ediyorlar ve cezeryenin ne olduÄŸunu anlatan bir yazÄ± bulunuyor. Havlusu, banyo malzemeleri filan Ã§ok gÃ¼zel ve kaliteliydi Tvsi ayrÄ± bi gÃ¼zeldi. Bizim iÃ§in Ã¶nemli olan baÅŸka bir noktaysa yastÄ±klar ince yastÄ±k sevengillerden olduÄŸumuz iÃ§in her otelde bulmak zor oluyor o aÃ§Ä±dan tam istediÄŸimiz gibi kaz tÃ¼yÃ¼ ve ince yastÄ±klardÄ± tam istediÄŸimiz gibi dememin baÅŸka bir nedenide var otel konaklamanÄ±zdan Ã¶nce size neler istersiniz diye bir form gÃ¶nderiyor ondan istediÄŸiniz yastÄ±k tÃ¼rÃ¼nÃ¼ Ã§ocuk yataÄŸÄ±nÄ± katÄ±lacaÄŸÄ±nÄ±z tura kadar belirtebiliyorsunuz. Ä°lk kez gÃ¶rdÃ¼ÄŸÃ¼m bi uygulama mÃ¼ÅŸteri memnuniyeti ve kazanÄ±mÄ± aÃ§Ä±sÄ±ndan hoÅŸ bir uygulama diÄŸer otellerde yapsa iyi olur. Otel odasÄ±nda zaman geÃ§irmeyi seviyoruz fakat bu sefer pek Ã¶yle zamanÄ±mÄ±z olmadÄ± keÅŸke daha uzun bir vaktimiz olsaydÄ± dedik. CumartesÅŸ akÅŸam otelin Ã¼st katÄ±nda olive restaurantda fasÄ±l var bizde arkadaÅŸlarÄ±mÄ±zla fasÄ±la katÄ±ldÄ±k Ã¶nceden rezervasyon yapÄ±nÄ±z talep yÃ¼ksek Ã§Ã¼nkÃ¼. FasÄ±la yemeklere bayÄ±ldÄ±k fiyat performans olarak sÃ¼perdi. KahvaltÄ±mÄ±zÄ± da aynÄ± ÅŸekilde orda yaptÄ±k kahvaltÄ±da Ã§ok Ã§eÅŸitliydi ve lezzetliydi aÃ§Ä±k bÃ¼fe oluÅŸu Ã§ok iyi ve omlet yapmalarÄ± gÃ¼zeldi :)

UmarÄ±m bir daha konaklayabiliriz ve bu seferde spa'sÄ±nÄ± deneyimleyebiliriz :)
Housekeeping'den garsona herkese Ã§ok teÅŸekkÃ¼r ederiz 
Emeklerinize saÄŸlÄ±k",Tek kelimeyle SÃœPER,2017-01,5,5,,tr
Hotel Sultania,"Ebusuud Cad. Mehmet Murat Sokak No: 4, Istanbul 34110 TÃ¼rkiye",https://www.tripadvisor.com/Hotel_Review-g293974-d1732739-Reviews-Hotel_Sultania-Istanbul.html,4.9,2017-02-02,"Åubat tatilinde ailecek Ä°stanbul'u gezmek iÃ§in yine Sultania oteli seÃ§tik. Bize iki ayrÄ± oda ve bunlarÄ±n baÄŸlÄ± olduÄŸu bir ortak kapÄ±sÄ± olan bir yaÅŸam alanÄ± verdiler. Romantik tatilleirmizin adresi bu kez ailemize ev sahipliÄŸi yaptÄ±. KarÅŸÄ±lamadan son gÃ¼n bizi uÄŸurlayan Restoran, kat ve otel Ã§alÄ±ÅŸanlarÄ±na ayrÄ± ayrÄ± teÅŸekkÃ¼r edrim. Sanki evimizden yola Ã§Ä±ktÄ±k akrabalar uÄŸurladÄ±. BeÅŸ gecelik konaklamamÄ±z kusuruz geÃ§ti. Huysuz beni mutlu edecek yastÄ±k kombanasyonunu buldular. KahvaltÄ± her zamanki gibi mÃ¼kemmeldi. Bence beÅŸ yÄ±ldÄ± kalitesindeydi... Portakal suyu iÃ§meyen (azÄ±na posa geliyormuÅŸ) kÃ¼Ã§Ã¼k kÄ±zÄ±m iÃ§in sÃ¼zÃ¼lme taze portakal suyu bile yaptÄ±lar. Konum mÃ¼kemmel yÃ¼rÃ¼yerek Ayasofya, TopkkapÄ±, Sultanahmet, yerebatan sarnÄ±Ã§Ä±, MÄ±sÄ±r Ã‡arÅŸÄ±sÄ±, KapalÄ± Ã‡arÅŸÄ± kÃ¶prÃ¼ gezildi, hemen yan sokaktan kalkan tramvayla DolbahÃ§e SarayÄ±, Saat MÃ¼zesi, Saraylar MÃ¼zesi, CamlÄ± KÃ¶ÅŸk, Tophane gezildi... TabelasÄ±nÄ± gÃ¶rÃ¼p yorgunluuktan gÃ¶rmedikleirmiz gelecek sefere kaldÄ±... Marmara Ray ile KÄ±z kulesi 30 dk (deniz ulaÅŸÄ±mÄ± dahil)..  Ä°stanbul'u gezmekiÃ§in daha iyi bir konum bence olamaz... KÄ±zlarÄ±m havuz ve hamam  keyfi de yaptÄ±... KÄ±sacasÄ± her kes mutlu anÄ±larla ayrÄ±ldÄ±... BaÅŸ ucumuza koyduÄŸunuz kÄ±rmÄ±zÄ± gÃ¼llere, kÄ±zlarÄ±n odasÄ±na yaptÄ±ÄŸnÄ±z havlu hayvancÄ±k ve uÄŸur bÃ¶ceklerine ayrÄ±ca teÅŸekkÃ¼r ederim...",Ailecek de harikasÄ±n Sultania,2017-01,5,5,"Izmir, TÃ¼rkiye",tr
Hotel Sultania,"Ebusuud Cad. Mehmet Murat Sokak No: 4, Istanbul 34110 TÃ¼rkiye",https://www.tripadvisor.com/Hotel_Review-g293974-d1732739-Reviews-Hotel_Sultania-Istanbul.html,4.9,2017-01-30,"KonaklamamÄ±z sÃ¼resince tÃ¼m departman Ã§alÄ±ÅŸanlarÄ±nÄ±n max. Ã¶zeni, ilgisi ve gÃ¼leryÃ¼zÃ¼; odamÄ±zÄ±n konforu, temizliÄŸi beklentimizin Ã¼stÃ¼ndeydi. KahvaltÄ± Ã§eÅŸitliliÄŸi, restaurantÄ±nÄ±zÄ±n ambiyansÄ± Ã¶vgÃ¼ye deÄŸer. 3,5 yaÅŸÄ±nda oÄŸlumuz ile keyifli bir aile tatili geÃ§irdik. TÃ¼m arkadaÅŸlarÄ±mÄ±zÄ±n emeÄŸine saÄŸlÄ±k. ",HiÃ§ dÃ¼ÅŸÃ¼nmeden tavsiye edilebilecek harikulade bir butik otel.,2017-01,5,5,"Izmir, TÃ¼rkiye",tr
Hotel Sultania,"Ebusuud Cad. Mehmet Murat Sokak No: 4, Istanbul 34110 TÃ¼rkiye",https://www.tripadvisor.com/Hotel_Review-g293974-d1732739-Reviews-Hotel_Sultania-Istanbul.html,4.9,2016-12-03,"EÅŸimle Ä°stanbul ziyaretimizde tesadÃ¼fen bulduÄŸumuz bu otelde ikinci kalÄ±ÅŸÄ±mÄ±z. AynÄ± kalite aynÄ± gÃ¼leryÃ¼z
Evimizde gibiydik. KahvaltÄ±sÄ± bir harika. Odalar ferah. Personel bence Ã¶zel eÄŸitimli
TeÅŸekkÃ¼r ederiz",MuhteÅŸem bir otel bulduk,2016-12,5,5,"Alacati, TÃ¼rkiye",tr
Hotel Sultania,"Ebusuud Cad. Mehmet Murat Sokak No: 4, Istanbul 34110 TÃ¼rkiye",https://www.tripadvisor.com/Hotel_Review-g293974-d1732739-Reviews-Hotel_Sultania-Istanbul.html,4.9,2016-10-02,"Resteorant da bizimle ilgilenen Rabia HanÄ±m Ã§ok cana yakÄ±n ve bizimle Ã§ok ilgilendi , uzun sÃ¼redir rastadÄ±ÄŸÄ±mÄ±z iÅŸini dÃ¼zgÃ¼n yapan nadir personel ler dendi . Otel sultanahmete yÃ¼rÃ¼me mesafesinde . ğŸ‘ğŸ¼ keyifli bir haftasonuydu iyi bir seÃ§imdi ğŸ•¶",Rabia HanÄ±m :),2016-09,5,5,,tr
Hotel Sultania,"Ebusuud Cad. Mehmet Murat Sokak No: 4, Istanbul 34110 TÃ¼rkiye",https://www.tripadvisor.com/Hotel_Review-g293974-d1732739-Reviews-Hotel_Sultania-Istanbul.html,4.9,2016-07-16,ArkadaÅŸlar mutlaka gidin atmosfere aÅŸÄ±k olucaksÄ±nÄ±z. Bir kere dizayn mÃ¼kemmel abi her ÅŸey yerli yerinde temiz ferah personel Ã§ok ilgili konum iyi herÅŸey Ã§ok hoÅŸumuza gitti. Otel mis gibi kokuyo valllahi ilk girdiÄŸiniz bile kendinizi sarayda hissediyorsunuz ğŸ‘ŠğŸ½,MÃ¼kkemmel,2016-07,5,5,"Izmir, TÃ¼rkiye",tr
Hotel Sultania,"Ebusuud Cad. Mehmet Murat Sokak No: 4, Istanbul 34110 TÃ¼rkiye",https://www.tripadvisor.com/Hotel_Review-g293974-d1732739-Reviews-Hotel_Sultania-Istanbul.html,4.9,2016-06-26,"Ramazan ayÄ±nda eÅŸim ve oÄŸlumla yaptÄ±ÄŸÄ±m kÄ±sa Ä°stanbul tatilimiz Sultania Hotel ile Ã§ok huzurlu ve gÃ¼zel geÃ§ti.kaliteli,gÃ¼leryÃ¼zlÃ¼,elit,sakin ve huzurlu bir butik otel.odalar kÃ¼Ã§Ã¼k ama Ã§ok iyi dekore edilmiÅŸ.herÅŸey dÃ¼ÅŸÃ¼nÃ¼lmÃ¼ÅŸ.seccade, Kuran, Ã¼tÃ¼ var.odanÄ±zda isterseniz Ã§ay kahve de iÃ§ebilirsiniz.cezerye ikramlarÄ± Ã§ok ince.gerÃ§ekten cÃ¶mert bir otel.oruÃ§ tutanlar iÃ§in sahur hazÄ±rlanÄ±lan sÄ±cak bir mekan.ismini hatÄ±rlayamadÄ±ÄŸÄ±m  kahvaltÄ±-sahuru hazÄ±rlayan beyefendinin Ã¶zverisi tatlÄ± dili ve gÃ¼leryÃ¼zÃ¼ bizi Ã§ok memnun etti.personelin hepsi Ã§ook gÃ¼leryÃ¼zlÃ¼ ve ilgili.kahvaltÄ± muhteÅŸem.lezzetli taze ve bol Ã§eÅŸitli.otel kaliteli hizmet verince mÃ¼ÅŸteri portfÃ¶yÃ¼ de kaliteli oluyor.ben bayÄ±ldÄ±m.havuz ve spa bÃ¶lÃ¼mÃ¼ de tertemizdi.eÅŸim gÃ¼ndÃ¼z oÄŸlumla eÄŸlenceli vakit geÃ§irdi.Semih bey ve Berfin hanÄ±ma da alakalarÄ±ndan dolayÄ± teÅŸekkÃ¼r ederiz.bi dolu oteli inceledikten sonra verdiÄŸimiz kararla bizi bu kadar memnun ettiÄŸi iÃ§in Sultania Hotele Ã§ok teÅŸekkÃ¼r ederiz.",Sultanahmet'in saklÄ± incisi,2016-06,5,5,,tr
Hotel Sultania,"Ebusuud Cad. Mehmet Murat Sokak No: 4, Istanbul 34110 TÃ¼rkiye",https://www.tripadvisor.com/Hotel_Review-g293974-d1732739-Reviews-Hotel_Sultania-Istanbul.html,4.9,2016-03-12,GerÃ§ekten Ã§ok gÃ¼zel hotel. EÅŸim ile birlikte bu otelde kaldÄ±k personeller gerÃ§ekten Ã§ok kibarlardÄ± otel Ã§ok temiz hizmet ise gerÃ§ekten 10 numara. Bizim kaldÄ±ÄŸÄ±mÄ±z odada hemen hemen bir insanÄ±n rahat edebilmesi iÃ§in herÅŸey yapÄ±lmiÅŸherkese tavsiye ederim. See you guys;),"""SÃ¼per hotel""",2016-03,5,5,Germany,tr
Hotel Sultania,"Ebusuud Cad. Mehmet Murat Sokak No: 4, Istanbul 34110 TÃ¼rkiye",https://www.tripadvisor.com/Hotel_Review-g293974-d1732739-Reviews-Hotel_Sultania-Istanbul.html,4.9,2016-01-29,Kisa ama mÃ¼kemmel bi tatil geÃ§irdim.. Otelin iÃ§inde ve Ã§evresinde  tarihi yaÅŸadÄ±m.. Odamin adÄ± olan Olga Sultan i hiÃ§ unutmayacaÄŸÄ±m.. Ã§ok rahat ve hoÅŸtu.. Odamin dolabinda gÃ¶rdÃ¼ÄŸÃ¼m seccade ve kutsal kitabÄ±mÄ±z kuran-Ä± kerim i gÃ¶rÃ¼nce Otel YÃ¶netimi ve personeliyle gurur duydum..Her ÅŸey en ince ayrÄ±ntÄ±sÄ±na kadar dÃ¼ÅŸÃ¼nÃ¼lmÃ¼ÅŸ... Otel personeline ilgi ve gÃ¼ler yÃ¼zleri iÃ§in ayrÄ± ayrÄ± teÅŸekkÃ¼rler,"Istanbul u, istanbul gibi yaÅŸamak iÃ§in",2016-01,5,5,,tr
Hotel Sultania,"Ebusuud Cad. Mehmet Murat Sokak No: 4, Istanbul 34110 TÃ¼rkiye",https://www.tripadvisor.com/Hotel_Review-g293974-d1732739-Reviews-Hotel_Sultania-Istanbul.html,4.9,2015-12-10,Bir gece konakladigimiz bu otelde herÅŸey dÃ¶rt dÃ¶rtlÃ¼k tu gerek resepsiyon gerekse kahvaltÄ±dan sorumlu arkadaÅŸlar Ã§ok yardÄ±mcÄ± oldular.otelde ortam Ã§ok gÃ¼zel Ã§alÄ±ÅŸanlar Ã§ok kaliteli ve ilgililer.bu oteli ben tavsiye ediyorum gitmek size kalmÄ±ÅŸ teÅŸekkÃ¼rler â˜º,Butik ama Ã§ok iddialÄ± â˜º,2015-12,5,5,,tr
Hotel Sultania,"Ebusuud Cad. Mehmet Murat Sokak No: 4, Istanbul 34110 TÃ¼rkiye",https://www.tripadvisor.com/Hotel_Review-g293974-d1732739-Reviews-Hotel_Sultania-Istanbul.html,4.9,2015-12-02,"Ä°lk defa gecelediÄŸim bir otel ... 
GerÃ§ekten detaylarÄ±, misafir memnuniyetini Ã¶nemseyen bir iÅŸletme olduÄŸu belli. Huzuru ve konforu bir arada bulabileceÄŸiniz, Ã¶dediÄŸiniz Ã¼cretin karÅŸÄ±lÄ±ÄŸÄ±nÄ± aldÄ±ÄŸÄ±nÄ±za emin olacaÄŸÄ±nÄ±z nadir iÅŸletmelerden,
TeÅŸekkÃ¼rler",Detaylar...,2015-12,5,5,"Turkish Aegean Coast, TÃ¼rkiye",tr
Hotel Sultania,"Ebusuud Cad. Mehmet Murat Sokak No: 4, Istanbul 34110 TÃ¼rkiye",https://www.tripadvisor.com/Hotel_Review-g293974-d1732739-Reviews-Hotel_Sultania-Istanbul.html,4.9,2015-12-02,Her ÅŸey mÃ¼kemmel kahvaltÄ± takÄ±mÄ± ayrÄ± bi mÃ¼kemmel hastalandÄ±m nane limon yaptÄ±lar Ã¶zenle ilgilendiler heleki kahvaltÄ± takÄ±mÄ±ndan yavuz adlÄ± arkadaÅŸ cayÄ±mÄ± kahvemi ayagÄ±ma servis yaptÄ± her seferinde.kapÄ±yÄ± bile acmamÄ±za fÄ±rsat vermeden her seferinde o kapÄ± sonuna kadar aÃ§Ä±ldÄ± gÃ¶rdÃ¼ÄŸÃ¼m en gÃ¼ler yÃ¼zlÃ¼ kibar ilgili personele sahip otel.temizlik huzur yemek karÅŸÄ±lama her sey 10 numara.kahwaltÄ± takÄ±mÄ±ndaki arkadaÅŸ YAVUZ 10 10 10 numara.sirkecide kalÄ±caksanÄ±z eger KESÄ°NLÄ°kLE tavsiye ediyorum 5 defa orada konakladÄ±m 6.da orada olacak SULTANÄ±A âœŒğŸ¿ï¸,Harika,2015-11,5,5,,tr
Hotel Sultania,"Ebusuud Cad. Mehmet Murat Sokak No: 4, Istanbul 34110 TÃ¼rkiye",https://www.tripadvisor.com/Hotel_Review-g293974-d1732739-Reviews-Hotel_Sultania-Istanbul.html,4.9,2015-08-05,"Her zaman Åehir Otellerinde 5 yÄ±ldÄ±zlÄ± otellerde kalmamÄ±za raÄŸmen 2. kez bu oteli seÃ§tik.Kendimizi tam anlamÄ±yla butik otelde hissettik. Profesyonel hizmeti ve personeln gÃ¼ler yÃ¼zÃ¼ ile kendimizi Ã¶zel hissettik. KahvaltÄ± son derece zengin ve evimizdeki kahvaltÄ± tadÄ±ndaydÄ±.Teras RestoranÄ± Ã§ok keyifli idi. Lokasyon,  Ã¶zellikle bizim toplantÄ±larÄ±mÄ±z olmasÄ± ve  tramway hattÄ±nÄ±nda  kolaylÄ±kla kullanÄ±lmasÄ± sebebiyle Ã§ok iyiydi  ve istanbul trafiÄŸinde mÃ¼thiÅŸ avantajdÄ±.Bu oteli tekrar tercih ederiz.Herkese teÅŸekkÃ¼rler",TeÅŸekkÃ¼rler Hotel Sultania...,2015-06,5,5,"Izmir, TÃ¼rkiye",tr
Hotel Sultania,"Ebusuud Cad. Mehmet Murat Sokak No: 4, Istanbul 34110 TÃ¼rkiye",https://www.tripadvisor.com/Hotel_Review-g293974-d1732739-Reviews-Hotel_Sultania-Istanbul.html,4.9,2015-07-09,"Ä°ÅŸ amaÃ§lÄ± geldiÄŸimiz istanbulda Hotel Sultania da konakladÄ±k.  Tavsiye ile Olive Restaurantta yemek yedik. Bu otel ve personeli   bize  otel gibi deÄŸil, sanki evimizdeki  gibi bir his bize yaÅŸattÄ±. KahvaltÄ± Ã§ok lezzetliydi.  AÅŸÃ§Ä±nÄ±n gÃ¶zÃ¼mÃ¼zÃ¼n Ã¶nÃ¼nde yaptÄ±ÄŸÄ± waffle ve omletler harikaydÄ±.OdalarÄ±n tasarÄ±mÄ±  son derece zevkli ve SPA sÄ± oldukÃ§a keyifliydi. Ã–zellikle toplu taÅŸÄ±ma ve marmaray ile tramway hattÄ±na Ã§ok yakÄ±n olmasÄ± Ä°stanbul gibi bir yerde arabaya hiÃ§bir ÅŸekilde ihtiyaÃ§ hissettirmedi.
Bu oteli kesinlikle tavsiye ederim.",Sayenizde sÃ¼per bir   Ä°stanbul gezisi oldu ïŠ,2015-07,5,5,"Mardin, TÃ¼rkiye",tr
Hotel Sultania,"Ebusuud Cad. Mehmet Murat Sokak No: 4, Istanbul 34110 TÃ¼rkiye",https://www.tripadvisor.com/Hotel_Review-g293974-d1732739-Reviews-Hotel_Sultania-Istanbul.html,4.9,2015-07-07,Ä°stanbul a iÅŸim dolayÄ±sÄ±yla gittiÄŸim bu Hotel de 5 gÃ¼n kaldÄ±m.Ä°lk giriÅŸte beni karsÄ±lamalarÄ± o misafirperverlikleri gÃ¼leryÃ¼zleri ve gercekten mÃ¼ÅŸteri iliÅŸkileri tÃ¼m mÃ¼ÅŸterilerle ilgilenmesi bni kendilerine hayran bÄ±raktÄ±rdÄ±.Tekrar Ä°stanbula gittiÄŸimde evim kadar rahat edebileceÄŸim tek yer burasÄ± bu kadar net :),GÃ¼leryÃ¼zlÃ¼ Ã§alÄ±ÅŸanlar,2015-05,5,5,,tr
Hotel Sultania,"Ebusuud Cad. Mehmet Murat Sokak No: 4, Istanbul 34110 TÃ¼rkiye",https://www.tripadvisor.com/Hotel_Review-g293974-d1732739-Reviews-Hotel_Sultania-Istanbul.html,4.9,2015-02-11,Otelde kalmadÄ±k bu nedenle odalarÄ±nÄ±n nasÄ±l olduÄŸu konusunda bir fikrimiz yok ancak toplantÄ±mÄ±z sÄ±rasÄ±nca personelin bizimle ilgisi ve hizmet kalitesi diÄŸer her ÅŸeyi mazur gÃ¶sterebilecek kadar Ã§ok iyiydi. Ä°dareci ve personele Ã§ok teÅŸekkÃ¼r ediyoruz,MÃ¼ÅŸteri Ä°liÅŸkileri MÃ¼kemmel,2014-12,5,5,"Antalya Province, TÃ¼rkiye",tr
Hotel Sultania,"Ebusuud Cad. Mehmet Murat Sokak No: 4, Istanbul 34110 TÃ¼rkiye",https://www.tripadvisor.com/Hotel_Review-g293974-d1732739-Reviews-Hotel_Sultania-Istanbul.html,4.9,2015-02-09,"Tarihi bir semtte misafirperver bir otel olduÄŸunu dÃ¼ÅŸÃ¼nÃ¼yorum. UlaÅŸÄ±mÄ± oldukÃ§a kolay, tramvay duraÄŸÄ±na beÅŸ dakikalÄ±k bir mesafede. Yerli ve yabancÄ± turistlerin rahatÃ§a konaklayabileceÄŸi, mÃ¼zelere ulaÅŸÄ±mÄ± rahat saÄŸlayabilecekleri bir otel. TopkapÄ± SarayÄ±, Yerebatan SarnÄ±cÄ±, Sultanahmet Camii, Ayasofya gibi tarihi turistik yapÄ±lara yÃ¼rÃ¼me mesafesinde.",Rahat ulaÅŸÄ±m,2014-12,4,4,"Istanbul, TÃ¼rkiye",tr
Hotel Sultania,"Ebusuud Cad. Mehmet Murat Sokak No: 4, Istanbul 34110 TÃ¼rkiye",https://www.tripadvisor.com/Hotel_Review-g293974-d1732739-Reviews-Hotel_Sultania-Istanbul.html,4.9,2014-01-15,yÄ±llardÄ±r tarÄ±hÄ± yarÄ±m ada  dakÄ± hoteller de kalÄ±yorum  ama sultanÄ±ye hoteli uyku kalÄ±tesÄ± personel hÄ±zmetÄ± ve mukemel kahvaltÄ±sÄ±    temÄ±zlÄ±k kesa oyle cok guzel   kessÄ±nlÄ±kle  tercÄ±h edÄ±lecek bÄ±r mekan    personel cana yakÄ±n sempatÄ±k   TEÅEKURLER,bence  mukemel bÄ±r hotel ve hÄ±zmet,2014-01,5,5,,tr
Hotel Sultania,"Ebusuud Cad. Mehmet Murat Sokak No: 4, Istanbul 34110 TÃ¼rkiye",https://www.tripadvisor.com/Hotel_Review-g293974-d1732739-Reviews-Hotel_Sultania-Istanbul.html,4.9,2013-09-10,"Bu muhteÅŸem otelde iki unutulmaz gece geÃ§irdik... EÅŸim ve ben daha ilk andan etkilendik. Ä°stanbul'un tarihi merkezinde Sultan Ahmet'te bulunan bu eÅŸsiz otel daha iÃ§ine girmeden etkiliyor. Her bir odasÄ± farklÄ± olarak dÃ¶ÅŸenmiÅŸ olan otelde bize ayrÄ±lan oda en gÃ¶rkemlisiydi... YataÄŸÄ±, dekoru, ÅŸÃ¶minesi, banyosu, cana yakÄ±n personeli unutlmaz iki gece geÃ§irmemizi saÄŸladÄ± TEÅEKKÃœRLER.",UNUTULMAZ,2012-10,5,5,"Izmir, TÃ¼rkiye",tr
Hotel Sultania,"Ebusuud Cad. Mehmet Murat Sokak No: 4, Istanbul 34110 TÃ¼rkiye",https://www.tripadvisor.com/Hotel_Review-g293974-d1732739-Reviews-Hotel_Sultania-Istanbul.html,4.9,2013-05-28,"istanbul'un ortasÄ±nda bir parÃ§a tarih, bir parÃ§a modernizm kokan harika bir otel. giriÅŸ Ã¶ncesinden baÅŸlayarak, karÅŸÄ±lamanmamÄ±z, her sabah Ã¶zenle hazÄ±rlanan ve sunulan kahvaltÄ±mÄ±z, otelden ayrÄ±lÄ±rken yaÅŸadÄ±ÄŸÄ±mÄ±z uÄŸurlama merasimi... her bir Ã§alÄ±ÅŸanÄ±yla misafir memnuniyetini yakalamaya Ã§alÄ±ÅŸan bir anlayÄ±ÅŸlarÄ± vardÄ±. giriÅŸ sÄ±rasÄ±nda ve her gÃ¼n saat 14:00 ila 16:00 arasÄ±nda sunduklarÄ± Ã¼cretsiz ikramlarla misafirperverliÄŸin doruklarÄ±ndalar. hergÃ¼n gÃ¼nlÃ¼k programÄ±mÄ±za yardÄ±mcÄ± olan misafir iliÅŸkileri mÃ¼dÃ¼rÃ¼ Hilmi Bey, resepsiyondan Kahraman ve Arafa Bey ve bizi evimizde hissettiren herkese Ã§ok teÅŸekkÃ¼rler",sultania,2013-03,5,5,"Izmir, TÃ¼rkiye",tr
Hotel Sultania,"Ebusuud Cad. Mehmet Murat Sokak No: 4, Istanbul 34110 TÃ¼rkiye",https://www.tripadvisor.com/Hotel_Review-g293974-d1732739-Reviews-Hotel_Sultania-Istanbul.html,4.9,2013-03-21,"Mart basinda arkadasimla kalmistik ve herseyden son derece memnun kaldik. cok zengin bir kahvalti .meyveleri, omletleri caylari ve hizmetleri. Housekeeping ve misafir iliskiler kalitesi tek kelimeyle mÃ¼kemmel, otel Ã§alisanlari gÃ¼ler yÃ¼zlÃ¼ ve yardim sever, hic bir soru onlara zor gelmedi kaldigimiz sure boyunca, yorumlara bakarak sectik bu hoteli ve kesinlikle pisman olmadik. Herkese kesinlikle tavsiye ederim 5 yildizi hak eden bir butik otel.",MÃ¼kemmel Hizmet,2013-03,5,5,,tr
Hotel Sultania,"Ebusuud Cad. Mehmet Murat Sokak No: 4, Istanbul 34110 TÃ¼rkiye",https://www.tripadvisor.com/Hotel_Review-g293974-d1732739-Reviews-Hotel_Sultania-Istanbul.html,4.9,2012-09-02,"AÄŸustos ayÄ±nda kaldÄ±m, benzersiz bir tatildi, gÃ¶z alici dekorasyon, oda ve koridorlar OsmanlÄ± tarzÄ±nda dekore edilmiÅŸ. Spa merkezi cok modern ve temiz. KahvaltÄ± Ã§eÅŸitliliÄŸi   kesinlikle gÃ¶z doyurucu.  ArtÄ±k Ä°stanbul'daki ikinci evim herkese tavsiye ederim.",Burada herkes Sultan ...,2012-08,5,5,,tr
Hotel Sultania,"Ebusuud Cad. Mehmet Murat Sokak No: 4, Istanbul 34110 TÃ¼rkiye",https://www.tripadvisor.com/Hotel_Review-g293974-d1732739-Reviews-Hotel_Sultania-Istanbul.html,4.9,2012-07-03,"Åans eseri otelinizde misafir olma fÄ±rsatÄ±nÄ± yakaladÄ±k. Bir boutique hotel sahibi olarak otelinizde her ÅŸeye dikkat ettim. Ama beni en Ã§ok nezaketiniz ve hassasiyetiniz etkiledi. Otelinize ilk girdiÄŸimiz andaki resepsiyonistin karÅŸÄ±lamasÄ±ndan tutunda info veren arkadaÅŸa kadar herÅŸey Ã§ok samimiydi. Oda iÃ§in sÃ¶ylenebilecek o kadar Ã§ok ÅŸey var ki... detaylar,dizayn, kullanÄ±ÅŸlÄ±lÄ±k ve konfor herÅŸey tek kelime ile harikaydÄ±. AkÅŸam yemeÄŸimizi yediÄŸimiz Olive Restaurant'taki manzara,atmosfer,yemek kalitesi ve Ã¶zellikle MUSTAFA beye Ã§ok teÅŸekkÃ¼rler...AyrÄ±ca bizimle yakÄ±ndan ilgilenen MERVE HanÄ±m'ada Ã‡OK TEÅEKKÃœR EDERÄ°Z. GERÃ‡EKTEN HARÄ°KASINIZ...",HARÄ°KASINIZ......,2012-06,5,5,"Mugla, TÃ¼rkiye",tr
